"oy_0.9","oy_0.8","or_0.9","or_0.8","of_0.9","of_0.8","oy_0.7","or_0.7","of_0.7","escapement"
0,0,0,0,1,1,0,0,1,0
0,0,0.0333333333333333,0.0333333333333333,1,1,0,0.0466666666666667,1,5000
0,0,0.0933333333333333,0.146666666666667,1,1,0,0.213333333333333,1,10000
0,0.00666666666666667,0.28,0.366666666666667,1,0.993333333333333,0.0466666666666667,0.48,0.953333333333333,15000
0.00666666666666667,0.0866666666666667,0.433333333333333,0.593333333333333,0.993333333333333,0.913333333333333,0.34,0.733333333333333,0.66,20000
0.0666666666666667,0.333333333333333,0.653333333333333,0.74,0.933333333333333,0.666666666666667,0.653333333333333,0.813333333333333,0.346666666666667,25000
0.266666666666667,0.613333333333333,0.76,0.806666666666667,0.733333333333333,0.386666666666667,0.773333333333333,0.873333333333333,0.226666666666667,30000
0.506666666666667,0.74,0.806666666666667,0.873333333333333,0.493333333333333,0.26,0.846666666666667,0.913333333333333,0.153333333333333,35000
0.64,0.8,0.86,0.906666666666667,0.36,0.2,0.893333333333333,0.92,0.106666666666667,40000
0.74,0.866666666666667,0.893333333333333,0.913333333333333,0.253333333333333,0.133333333333333,0.913333333333333,0.933333333333333,0.0866666666666667,45000
0.766666666666667,0.9,0.913333333333333,0.933333333333333,0.206666666666667,0.1,0.92,0.94,0.08,50000
0.8,0.906666666666667,0.92,0.933333333333333,0.153333333333333,0.0866666666666667,0.933333333333333,0.94,0.0666666666666667,55000
0.766666666666667,0.893333333333333,0.933333333333333,0.94,0.113333333333333,0.08,0.933333333333333,0.946666666666667,0.06,60000
0.686666666666667,0.873333333333333,0.933333333333333,0.94,0.1,0.0733333333333333,0.92,0.946666666666667,0.0533333333333333,65000
0.626666666666667,0.813333333333333,0.94,0.946666666666667,0.0866666666666667,0.06,0.906666666666667,0.96,0.0466666666666667,70000
0.52,0.733333333333333,0.933333333333333,0.946666666666667,0.08,0.06,0.886666666666667,0.966666666666667,0.04,75000
0.406666666666667,0.653333333333333,0.94,0.953333333333333,0.08,0.06,0.793333333333333,0.966666666666667,0.0333333333333333,80000
0.346666666666667,0.56,0.94,0.953333333333333,0.0666666666666667,0.0533333333333333,0.733333333333333,0.966666666666667,0.0333333333333333,85000
0.28,0.486666666666667,0.94,0.96,0.06,0.04,0.66,0.96,0.0333333333333333,90000
0.246666666666667,0.406666666666667,0.933333333333333,0.96,0.06,0.04,0.553333333333333,0.966666666666667,0.0333333333333333,95000
0.22,0.353333333333333,0.94,0.953333333333333,0.06,0.0333333333333333,0.48,0.966666666666667,0.0333333333333333,100000
0.193333333333333,0.286666666666667,0.94,0.946666666666667,0.0533333333333333,0.0333333333333333,0.426666666666667,0.966666666666667,0.0266666666666667,105000
0.186666666666667,0.26,0.933333333333333,0.953333333333333,0.0466666666666667,0.0333333333333333,0.36,0.953333333333333,0.0266666666666667,110000
0.153333333333333,0.24,0.933333333333333,0.946666666666667,0.04,0.0333333333333333,0.306666666666667,0.953333333333333,0.0266666666666667,115000
0.133333333333333,0.22,0.886666666666667,0.94,0.04,0.0333333333333333,0.286666666666667,0.953333333333333,0.0266666666666667,120000
0.0933333333333333,0.206666666666667,0.886666666666667,0.933333333333333,0.0333333333333333,0.0333333333333333,0.26,0.96,0.02,125000
0.0866666666666667,0.173333333333333,0.866666666666667,0.9,0.0333333333333333,0.0266666666666667,0.246666666666667,0.946666666666667,0.02,130000
0.08,0.153333333333333,0.826666666666667,0.893333333333333,0.0333333333333333,0.0266666666666667,0.233333333333333,0.94,0.02,135000
0.0666666666666667,0.113333333333333,0.806666666666667,0.866666666666667,0.0333333333333333,0.0266666666666667,0.213333333333333,0.926666666666667,0.02,140000
0.0666666666666667,0.1,0.793333333333333,0.833333333333333,0.0333333333333333,0.0266666666666667,0.186666666666667,0.906666666666667,0.02,145000
0.0533333333333333,0.0933333333333333,0.773333333333333,0.813333333333333,0.0333333333333333,0.0266666666666667,0.146666666666667,0.88,0.02,150000
0.0533333333333333,0.0933333333333333,0.72,0.8,0.0333333333333333,0.02,0.12,0.84,0.02,155000
0.06,0.0866666666666667,0.666666666666667,0.78,0.0266666666666667,0.02,0.113333333333333,0.813333333333333,0.0133333333333333,160000
0.0533333333333333,0.08,0.593333333333333,0.74,0.0266666666666667,0.02,0.106666666666667,0.793333333333333,0.0133333333333333,165000
0.0533333333333333,0.08,0.573333333333333,0.693333333333333,0.0266666666666667,0.02,0.0933333333333333,0.786666666666667,0.0133333333333333,170000
0.0466666666666667,0.0666666666666667,0.54,0.633333333333333,0.0266666666666667,0.02,0.0933333333333333,0.76,0.0133333333333333,175000
0.0466666666666667,0.0666666666666667,0.54,0.6,0.0266666666666667,0.02,0.0933333333333333,0.726666666666667,0.0133333333333333,180000
0.0333333333333333,0.06,0.486666666666667,0.56,0.0266666666666667,0.02,0.0866666666666667,0.693333333333333,0.0133333333333333,185000
0.0333333333333333,0.06,0.473333333333333,0.546666666666667,0.0266666666666667,0.02,0.0733333333333333,0.626666666666667,0.0133333333333333,190000
0.04,0.06,0.44,0.526666666666667,0.02,0.0133333333333333,0.0733333333333333,0.606666666666667,0.0133333333333333,195000
0.04,0.06,0.44,0.486666666666667,0.02,0.0133333333333333,0.0733333333333333,0.56,0.0133333333333333,200000
0.04,0.0533333333333333,0.426666666666667,0.473333333333333,0.02,0.0133333333333333,0.0666666666666667,0.54,0.0133333333333333,205000
0.04,0.0466666666666667,0.4,0.46,0.02,0.0133333333333333,0.0666666666666667,0.526666666666667,0.0133333333333333,210000
0.04,0.0466666666666667,0.386666666666667,0.44,0.02,0.0133333333333333,0.06,0.5,0.0133333333333333,215000
0.04,0.0466666666666667,0.36,0.426666666666667,0.02,0.0133333333333333,0.06,0.473333333333333,0.0133333333333333,220000
0.04,0.0466666666666667,0.34,0.413333333333333,0.02,0.0133333333333333,0.0466666666666667,0.466666666666667,0.0133333333333333,225000
0.04,0.0466666666666667,0.32,0.393333333333333,0.02,0.0133333333333333,0.0466666666666667,0.446666666666667,0.0133333333333333,230000
0.0333333333333333,0.0466666666666667,0.306666666666667,0.36,0.02,0.0133333333333333,0.0466666666666667,0.433333333333333,0.0133333333333333,235000
0.0333333333333333,0.0466666666666667,0.3,0.346666666666667,0.02,0.0133333333333333,0.0466666666666667,0.42,0.0133333333333333,240000
0.0333333333333333,0.0466666666666667,0.286666666666667,0.333333333333333,0.0133333333333333,0.0133333333333333,0.0466666666666667,0.4,0.0133333333333333,245000
0.0333333333333333,0.0466666666666667,0.266666666666667,0.32,0.0133333333333333,0.0133333333333333,0.0466666666666667,0.373333333333333,0.0133333333333333,250000
0.0333333333333333,0.0466666666666667,0.253333333333333,0.306666666666667,0.0133333333333333,0.0133333333333333,0.0466666666666667,0.36,0.0133333333333333,255000
0.0333333333333333,0.0466666666666667,0.24,0.286666666666667,0.0133333333333333,0.0133333333333333,0.0466666666666667,0.346666666666667,0.0133333333333333,260000
0.0266666666666667,0.04,0.233333333333333,0.28,0.0133333333333333,0.0133333333333333,0.0466666666666667,0.34,0.0133333333333333,265000
0.02,0.04,0.213333333333333,0.253333333333333,0.0133333333333333,0.0133333333333333,0.0466666666666667,0.333333333333333,0.0133333333333333,270000
0.02,0.0333333333333333,0.2,0.246666666666667,0.0133333333333333,0.0133333333333333,0.0466666666666667,0.313333333333333,0.0133333333333333,275000
0.02,0.0333333333333333,0.2,0.24,0.0133333333333333,0.0133333333333333,0.0466666666666667,0.306666666666667,0.0133333333333333,280000
0.02,0.0333333333333333,0.193333333333333,0.226666666666667,0.0133333333333333,0.0133333333333333,0.04,0.293333333333333,0.0133333333333333,285000
0.02,0.0333333333333333,0.18,0.213333333333333,0.0133333333333333,0.0133333333333333,0.04,0.266666666666667,0.0133333333333333,290000
0.02,0.0333333333333333,0.173333333333333,0.213333333333333,0.0133333333333333,0.0133333333333333,0.0466666666666667,0.26,0.00666666666666667,295000
0.02,0.0333333333333333,0.166666666666667,0.206666666666667,0.0133333333333333,0.0133333333333333,0.04,0.253333333333333,0.00666666666666667,300000
0.02,0.0266666666666667,0.166666666666667,0.206666666666667,0.0133333333333333,0.0133333333333333,0.04,0.233333333333333,0.00666666666666667,305000
0.02,0.0266666666666667,0.166666666666667,0.193333333333333,0.0133333333333333,0.0133333333333333,0.04,0.226666666666667,0.00666666666666667,310000
0.02,0.02,0.16,0.18,0.0133333333333333,0.0133333333333333,0.04,0.22,0.00666666666666667,315000
0.02,0.02,0.153333333333333,0.18,0.0133333333333333,0.0133333333333333,0.04,0.22,0.00666666666666667,320000
0.02,0.02,0.146666666666667,0.186666666666667,0.0133333333333333,0.0133333333333333,0.04,0.213333333333333,0.00666666666666667,325000
0.02,0.02,0.146666666666667,0.18,0.0133333333333333,0.0133333333333333,0.0333333333333333,0.206666666666667,0.00666666666666667,330000
0.02,0.02,0.146666666666667,0.173333333333333,0.0133333333333333,0.0133333333333333,0.0333333333333333,0.193333333333333,0.00666666666666667,335000
0.0133333333333333,0.02,0.14,0.173333333333333,0.0133333333333333,0.0133333333333333,0.04,0.186666666666667,0,340000
0.0133333333333333,0.02,0.126666666666667,0.166666666666667,0.0133333333333333,0.0133333333333333,0.04,0.186666666666667,0,345000
0.0133333333333333,0.02,0.126666666666667,0.166666666666667,0.0133333333333333,0.0133333333333333,0.04,0.186666666666667,0,350000
0.0133333333333333,0.02,0.12,0.16,0.0133333333333333,0.0133333333333333,0.04,0.186666666666667,0,355000
0.0133333333333333,0.02,0.113333333333333,0.16,0.0133333333333333,0.0133333333333333,0.0333333333333333,0.173333333333333,0,360000
0.0133333333333333,0.0266666666666667,0.106666666666667,0.16,0.0133333333333333,0.00666666666666667,0.0333333333333333,0.173333333333333,0,365000
0.0133333333333333,0.0266666666666667,0.1,0.153333333333333,0.0133333333333333,0.00666666666666667,0.0333333333333333,0.166666666666667,0,370000
0.0133333333333333,0.0266666666666667,0.1,0.14,0.0133333333333333,0.00666666666666667,0.0333333333333333,0.166666666666667,0,375000
0.0133333333333333,0.02,0.106666666666667,0.14,0.0133333333333333,0.00666666666666667,0.0333333333333333,0.166666666666667,0,380000
0.0133333333333333,0.02,0.106666666666667,0.12,0.0133333333333333,0.00666666666666667,0.0333333333333333,0.16,0,385000
0.0133333333333333,0.02,0.106666666666667,0.12,0.0133333333333333,0.00666666666666667,0.0333333333333333,0.16,0,390000
0.0133333333333333,0.02,0.106666666666667,0.113333333333333,0.0133333333333333,0.00666666666666667,0.0333333333333333,0.16,0,395000
0.0133333333333333,0.02,0.106666666666667,0.106666666666667,0.0133333333333333,0.00666666666666667,0.0333333333333333,0.153333333333333,0,400000
0.0133333333333333,0.02,0.106666666666667,0.106666666666667,0.0133333333333333,0.00666666666666667,0.0333333333333333,0.14,0,405000
0.0133333333333333,0.02,0.1,0.106666666666667,0.0133333333333333,0.00666666666666667,0.0333333333333333,0.126666666666667,0,410000
0.0133333333333333,0.0266666666666667,0.1,0.106666666666667,0.0133333333333333,0,0.0266666666666667,0.126666666666667,0,415000
0.00666666666666667,0.0266666666666667,0.1,0.1,0.0133333333333333,0,0.0266666666666667,0.12,0,420000
0.00666666666666667,0.0266666666666667,0.1,0.1,0.0133333333333333,0,0.0266666666666667,0.12,0,425000
0.00666666666666667,0.0266666666666667,0.0933333333333333,0.1,0.0133333333333333,0,0.0266666666666667,0.1,0,430000
0.00666666666666667,0.0266666666666667,0.0933333333333333,0.1,0.0133333333333333,0,0.0266666666666667,0.1,0,435000
0.00666666666666667,0.0266666666666667,0.0933333333333333,0.1,0.0133333333333333,0,0.0266666666666667,0.1,0,440000
0.00666666666666667,0.0266666666666667,0.0933333333333333,0.1,0.0133333333333333,0,0.0266666666666667,0.1,0,445000
0.00666666666666667,0.0266666666666667,0.0933333333333333,0.1,0.0133333333333333,0,0.0266666666666667,0.1,0,450000
0.00666666666666667,0.0266666666666667,0.0933333333333333,0.1,0.0133333333333333,0,0.0266666666666667,0.1,0,455000
0.0133333333333333,0.0266666666666667,0.0866666666666667,0.1,0.00666666666666667,0,0.0266666666666667,0.1,0,460000
0.0133333333333333,0.0266666666666667,0.0866666666666667,0.0933333333333333,0.00666666666666667,0,0.0266666666666667,0.1,0,465000
0.0133333333333333,0.0266666666666667,0.0866666666666667,0.0933333333333333,0.00666666666666667,0,0.0266666666666667,0.1,0,470000
0.0133333333333333,0.02,0.0866666666666667,0.0866666666666667,0.00666666666666667,0,0.0266666666666667,0.1,0,475000
0.0133333333333333,0.02,0.08,0.0866666666666667,0.00666666666666667,0,0.0266666666666667,0.1,0,480000
0.0133333333333333,0.02,0.08,0.0866666666666667,0.00666666666666667,0,0.0266666666666667,0.1,0,485000
0.0133333333333333,0.02,0.08,0.0866666666666667,0.00666666666666667,0,0.0266666666666667,0.0933333333333333,0,490000
0.0133333333333333,0.02,0.08,0.0866666666666667,0.00666666666666667,0,0.0266666666666667,0.0933333333333333,0,495000
0.0133333333333333,0.02,0.08,0.0866666666666667,0.00666666666666667,0,0.0266666666666667,0.0933333333333333,0,500000
0.00666666666666667,0.02,0.08,0.0866666666666667,0.00666666666666667,0,0.0266666666666667,0.0866666666666667,0,505000
0.00666666666666667,0.02,0.0733333333333333,0.0866666666666667,0.00666666666666667,0,0.0266666666666667,0.0866666666666667,0,510000
0.00666666666666667,0.02,0.0733333333333333,0.0866666666666667,0.00666666666666667,0,0.0266666666666667,0.0866666666666667,0,515000
0.0133333333333333,0.02,0.0733333333333333,0.0733333333333333,0,0,0.02,0.0866666666666667,0,520000
0.0133333333333333,0.02,0.0733333333333333,0.0733333333333333,0,0,0.02,0.0866666666666667,0,525000
0.0133333333333333,0.02,0.0733333333333333,0.0733333333333333,0,0,0.02,0.08,0,530000
0.0133333333333333,0.02,0.0733333333333333,0.0733333333333333,0,0,0.02,0.08,0,535000
0.0133333333333333,0.02,0.0733333333333333,0.0733333333333333,0,0,0.02,0.0866666666666667,0,540000
0.0133333333333333,0.02,0.0733333333333333,0.0733333333333333,0,0,0.02,0.0866666666666667,0,545000
0.0133333333333333,0.02,0.0733333333333333,0.0733333333333333,0,0,0.02,0.0866666666666667,0,550000
0.0133333333333333,0.02,0.0733333333333333,0.0733333333333333,0,0,0.02,0.0866666666666667,0,555000
0.0133333333333333,0.02,0.0733333333333333,0.0733333333333333,0,0,0.02,0.08,0,560000
0.0133333333333333,0.0133333333333333,0.0666666666666667,0.0733333333333333,0,0,0.02,0.08,0,565000
0.0133333333333333,0.0133333333333333,0.0666666666666667,0.0733333333333333,0,0,0.02,0.08,0,570000
0.0133333333333333,0.0133333333333333,0.0666666666666667,0.0733333333333333,0,0,0.02,0.08,0,575000
0.0133333333333333,0.0133333333333333,0.0666666666666667,0.0733333333333333,0,0,0.02,0.08,0,580000
0.0133333333333333,0.0133333333333333,0.0666666666666667,0.0733333333333333,0,0,0.02,0.08,0,585000
0.0133333333333333,0.0133333333333333,0.0666666666666667,0.0733333333333333,0,0,0.02,0.08,0,590000
0.0133333333333333,0.0133333333333333,0.0666666666666667,0.0733333333333333,0,0,0.02,0.08,0,595000
0.0133333333333333,0.0133333333333333,0.0666666666666667,0.0733333333333333,0,0,0.02,0.08,0,600000
0.0133333333333333,0.0133333333333333,0.0666666666666667,0.0733333333333333,0,0,0.02,0.08,0,605000
0.0133333333333333,0.0133333333333333,0.0666666666666667,0.0666666666666667,0,0,0.02,0.08,0,610000
0.0133333333333333,0.0133333333333333,0.0666666666666667,0.0666666666666667,0,0,0.0133333333333333,0.08,0,615000
0.0133333333333333,0.0133333333333333,0.0666666666666667,0.0666666666666667,0,0,0.0133333333333333,0.08,0,620000
0.0133333333333333,0.0133333333333333,0.0666666666666667,0.0666666666666667,0,0,0.0133333333333333,0.08,0,625000
0.0133333333333333,0.0133333333333333,0.0666666666666667,0.0666666666666667,0,0,0.0133333333333333,0.08,0,630000
0.0133333333333333,0.0133333333333333,0.0666666666666667,0.0666666666666667,0,0,0.0133333333333333,0.08,0,635000
0.0133333333333333,0.0133333333333333,0.0666666666666667,0.0733333333333333,0,0,0.0133333333333333,0.08,0,640000
0.0133333333333333,0.0133333333333333,0.0666666666666667,0.0733333333333333,0,0,0.0133333333333333,0.08,0,645000
0.0133333333333333,0.0133333333333333,0.0666666666666667,0.0733333333333333,0,0,0.0133333333333333,0.08,0,650000
0.0133333333333333,0.0133333333333333,0.06,0.0733333333333333,0,0,0.0133333333333333,0.08,0,655000
0.0133333333333333,0.0133333333333333,0.06,0.0733333333333333,0,0,0.0133333333333333,0.0733333333333333,0,660000
0.0133333333333333,0.0133333333333333,0.06,0.0733333333333333,0,0,0.0133333333333333,0.0733333333333333,0,665000
0.0133333333333333,0.0133333333333333,0.06,0.0733333333333333,0,0,0.0133333333333333,0.0733333333333333,0,670000
0.0133333333333333,0.0133333333333333,0.06,0.0733333333333333,0,0,0.0133333333333333,0.0733333333333333,0,675000
0.0133333333333333,0.0133333333333333,0.0533333333333333,0.0733333333333333,0,0,0.0133333333333333,0.0733333333333333,0,680000
0.0133333333333333,0.0133333333333333,0.0533333333333333,0.0733333333333333,0,0,0.0133333333333333,0.0733333333333333,0,685000
0.0133333333333333,0.0133333333333333,0.0533333333333333,0.0733333333333333,0,0,0.0133333333333333,0.0733333333333333,0,690000
0.0133333333333333,0.0133333333333333,0.0533333333333333,0.0733333333333333,0,0,0.0133333333333333,0.0733333333333333,0,695000
0.0133333333333333,0.0133333333333333,0.0533333333333333,0.0733333333333333,0,0,0.0133333333333333,0.0733333333333333,0,700000
0.0133333333333333,0.0133333333333333,0.0533333333333333,0.0733333333333333,0,0,0.0133333333333333,0.0733333333333333,0,705000
0.0133333333333333,0.0133333333333333,0.0533333333333333,0.0733333333333333,0,0,0.0133333333333333,0.0733333333333333,0,710000
0.0133333333333333,0.0133333333333333,0.0466666666666667,0.0666666666666667,0,0,0.0133333333333333,0.0733333333333333,0,715000
0.0133333333333333,0.0133333333333333,0.0466666666666667,0.06,0,0,0.0133333333333333,0.0733333333333333,0,720000
0.0133333333333333,0.0133333333333333,0.0466666666666667,0.06,0,0,0.0133333333333333,0.0733333333333333,0,725000
0.0133333333333333,0.0133333333333333,0.0466666666666667,0.06,0,0,0.0133333333333333,0.0733333333333333,0,730000
0.0133333333333333,0.0133333333333333,0.0466666666666667,0.06,0,0,0.0133333333333333,0.0733333333333333,0,735000
0.0133333333333333,0.0133333333333333,0.0466666666666667,0.06,0,0,0.0133333333333333,0.0733333333333333,0,740000
0.0133333333333333,0.0133333333333333,0.0466666666666667,0.06,0,0,0.0133333333333333,0.0733333333333333,0,745000
0.0133333333333333,0.0133333333333333,0.0533333333333333,0.06,0,0,0.0133333333333333,0.0733333333333333,0,750000
0.0133333333333333,0.0133333333333333,0.0533333333333333,0.06,0,0,0.0133333333333333,0.0733333333333333,0,755000
0.0133333333333333,0.0133333333333333,0.0533333333333333,0.06,0,0,0.0133333333333333,0.0733333333333333,0,760000
0.0133333333333333,0.0133333333333333,0.0533333333333333,0.06,0,0,0.0133333333333333,0.0666666666666667,0,765000
0.0133333333333333,0.0133333333333333,0.0533333333333333,0.06,0,0,0.0133333333333333,0.0666666666666667,0,770000
0.0133333333333333,0.0133333333333333,0.0533333333333333,0.0533333333333333,0,0,0.0133333333333333,0.0666666666666667,0,775000
0.0133333333333333,0.0133333333333333,0.0533333333333333,0.0533333333333333,0,0,0.0133333333333333,0.06,0,780000
0.0133333333333333,0.0133333333333333,0.0533333333333333,0.0533333333333333,0,0,0.0133333333333333,0.06,0,785000
0.0133333333333333,0.0133333333333333,0.0533333333333333,0.0533333333333333,0,0,0.0133333333333333,0.06,0,790000
0.0133333333333333,0.0133333333333333,0.0533333333333333,0.0533333333333333,0,0,0.0133333333333333,0.06,0,795000
0.0133333333333333,0.0133333333333333,0.0533333333333333,0.0533333333333333,0,0,0.0133333333333333,0.06,0,800000
0.0133333333333333,0.0133333333333333,0.0533333333333333,0.0533333333333333,0,0,0.0133333333333333,0.06,0,805000
0.0133333333333333,0.0133333333333333,0.0533333333333333,0.0533333333333333,0,0,0.0133333333333333,0.06,0,810000
0.0133333333333333,0.0133333333333333,0.0533333333333333,0.0533333333333333,0,0,0.0133333333333333,0.06,0,815000
0.0133333333333333,0.0133333333333333,0.0533333333333333,0.0533333333333333,0,0,0.0133333333333333,0.06,0,820000
0.0133333333333333,0.0133333333333333,0.0533333333333333,0.0533333333333333,0,0,0.0133333333333333,0.06,0,825000
0.0133333333333333,0.0133333333333333,0.0533333333333333,0.0533333333333333,0,0,0.0133333333333333,0.06,0,830000
0.0133333333333333,0.0133333333333333,0.0466666666666667,0.0533333333333333,0,0,0.0133333333333333,0.06,0,835000
0.0133333333333333,0.0133333333333333,0.0466666666666667,0.0533333333333333,0,0,0.0133333333333333,0.0533333333333333,0,840000
0.0133333333333333,0.0133333333333333,0.0466666666666667,0.0533333333333333,0,0,0.0133333333333333,0.0533333333333333,0,845000
0.0133333333333333,0.0133333333333333,0.0466666666666667,0.0533333333333333,0,0,0.0133333333333333,0.0533333333333333,0,850000
0.0133333333333333,0.0133333333333333,0.0466666666666667,0.0533333333333333,0,0,0.0133333333333333,0.0533333333333333,0,855000
0.0133333333333333,0.0133333333333333,0.0466666666666667,0.0533333333333333,0,0,0.0133333333333333,0.0533333333333333,0,860000
0.0133333333333333,0.0133333333333333,0.0466666666666667,0.0533333333333333,0,0,0.0133333333333333,0.0533333333333333,0,865000
0.0133333333333333,0.0133333333333333,0.0466666666666667,0.0533333333333333,0,0,0.0133333333333333,0.0533333333333333,0,870000
0.0133333333333333,0.0133333333333333,0.0466666666666667,0.0533333333333333,0,0,0.0133333333333333,0.0533333333333333,0,875000
0.0133333333333333,0.0133333333333333,0.0466666666666667,0.0533333333333333,0,0,0.0133333333333333,0.0533333333333333,0,880000
0.0133333333333333,0.0133333333333333,0.04,0.0533333333333333,0,0,0.0133333333333333,0.0533333333333333,0,885000
0.0133333333333333,0.0133333333333333,0.04,0.0533333333333333,0,0,0.0133333333333333,0.0533333333333333,0,890000
0.0133333333333333,0.0133333333333333,0.04,0.0466666666666667,0,0,0.0133333333333333,0.0533333333333333,0,895000
0.0133333333333333,0.0133333333333333,0.04,0.0466666666666667,0,0,0.0133333333333333,0.0533333333333333,0,900000
0.0133333333333333,0.0133333333333333,0.04,0.0466666666666667,0,0,0.0133333333333333,0.0533333333333333,0,905000
0.0133333333333333,0.0133333333333333,0.04,0.0466666666666667,0,0,0.0133333333333333,0.0533333333333333,0,910000
0.0133333333333333,0.0133333333333333,0.04,0.0466666666666667,0,0,0.0133333333333333,0.0533333333333333,0,915000
0.0133333333333333,0.0133333333333333,0.04,0.0466666666666667,0,0,0.0133333333333333,0.0533333333333333,0,920000
0.0133333333333333,0.0133333333333333,0.04,0.0466666666666667,0,0,0.0133333333333333,0.0533333333333333,0,925000
0.0133333333333333,0.0133333333333333,0.04,0.0466666666666667,0,0,0.0133333333333333,0.0533333333333333,0,930000
0.0133333333333333,0.0133333333333333,0.04,0.0466666666666667,0,0,0.0133333333333333,0.0533333333333333,0,935000
0.0133333333333333,0.0133333333333333,0.04,0.0466666666666667,0,0,0.0133333333333333,0.0533333333333333,0,940000
0.0133333333333333,0.0133333333333333,0.04,0.0466666666666667,0,0,0.0133333333333333,0.0533333333333333,0,945000
0.0133333333333333,0.0133333333333333,0.04,0.0466666666666667,0,0,0.0133333333333333,0.0533333333333333,0,950000
0.0133333333333333,0.0133333333333333,0.04,0.04,0,0,0.0133333333333333,0.0533333333333333,0,955000
0.0133333333333333,0.0133333333333333,0.04,0.04,0,0,0.0133333333333333,0.0466666666666667,0,960000
0.0133333333333333,0.0133333333333333,0.04,0.04,0,0,0.0133333333333333,0.0466666666666667,0,965000
0.0133333333333333,0.0133333333333333,0.04,0.04,0,0,0.0133333333333333,0.0466666666666667,0,970000
0.0133333333333333,0.0133333333333333,0.04,0.04,0,0,0.0133333333333333,0.0466666666666667,0,975000
0.0133333333333333,0.0133333333333333,0.04,0.04,0,0,0.0133333333333333,0.0466666666666667,0,980000
0.00666666666666667,0.0133333333333333,0.04,0.04,0,0,0.0133333333333333,0.0466666666666667,0,985000
0.00666666666666667,0.0133333333333333,0.04,0.04,0,0,0.0133333333333333,0.0466666666666667,0,990000
0.00666666666666667,0.0133333333333333,0.04,0.04,0,0,0.0133333333333333,0.0466666666666667,0,995000
0.00666666666666667,0.0133333333333333,0.04,0.04,0,0,0.0133333333333333,0.0466666666666667,0,1000000
0.00666666666666667,0.0133333333333333,0.04,0.04,0,0,0.0133333333333333,0.0466666666666667,0,1005000
0.00666666666666667,0.0133333333333333,0.04,0.04,0,0,0.0133333333333333,0.0466666666666667,0,1010000
0.00666666666666667,0.0133333333333333,0.04,0.04,0,0,0.0133333333333333,0.0466666666666667,0,1015000
0.00666666666666667,0.0133333333333333,0.04,0.04,0,0,0.0133333333333333,0.0466666666666667,0,1020000
0.00666666666666667,0.0133333333333333,0.04,0.04,0,0,0.0133333333333333,0.04,0,1025000
0.00666666666666667,0.0133333333333333,0.04,0.04,0,0,0.0133333333333333,0.04,0,1030000
0.00666666666666667,0.0133333333333333,0.04,0.04,0,0,0.0133333333333333,0.04,0,1035000
0.00666666666666667,0.0133333333333333,0.04,0.04,0,0,0.0133333333333333,0.04,0,1040000
0.00666666666666667,0.0133333333333333,0.04,0.04,0,0,0.0133333333333333,0.04,0,1045000
0.00666666666666667,0.0133333333333333,0.04,0.04,0,0,0.0133333333333333,0.04,0,1050000
0,0.0133333333333333,0.04,0.04,0,0,0.0133333333333333,0.04,0,1055000
0,0.0133333333333333,0.04,0.04,0,0,0.0133333333333333,0.04,0,1060000
0,0.0133333333333333,0.04,0.04,0,0,0.0133333333333333,0.04,0,1065000
0,0.0133333333333333,0.04,0.04,0,0,0.0133333333333333,0.04,0,1070000
0,0.0133333333333333,0.04,0.04,0,0,0.0133333333333333,0.04,0,1075000
0,0.0133333333333333,0.04,0.04,0,0,0.0133333333333333,0.04,0,1080000
0,0.0133333333333333,0.04,0.04,0,0,0.0133333333333333,0.04,0,1085000
0,0.0133333333333333,0.04,0.04,0,0,0.0133333333333333,0.04,0,1090000
0,0.0133333333333333,0.04,0.04,0,0,0.0133333333333333,0.04,0,1095000
0,0.0133333333333333,0.04,0.04,0,0,0.0133333333333333,0.04,0,1100000
0,0.0133333333333333,0.04,0.04,0,0,0.0133333333333333,0.04,0,1105000
0,0.00666666666666667,0.04,0.04,0,0,0.0133333333333333,0.04,0,1110000
0,0.00666666666666667,0.04,0.04,0,0,0.0133333333333333,0.04,0,1115000
0,0.00666666666666667,0.04,0.04,0,0,0.0133333333333333,0.04,0,1120000
0,0.00666666666666667,0.04,0.04,0,0,0.0133333333333333,0.04,0,1125000
0,0.00666666666666667,0.04,0.04,0,0,0.0133333333333333,0.04,0,1130000
0,0.00666666666666667,0.04,0.04,0,0,0.0133333333333333,0.04,0,1135000
0,0.00666666666666667,0.04,0.04,0,0,0.0133333333333333,0.04,0,1140000
0,0.00666666666666667,0.04,0.04,0,0,0.0133333333333333,0.04,0,1145000
0,0.00666666666666667,0.04,0.04,0,0,0.0133333333333333,0.04,0,1150000
0,0.00666666666666667,0.04,0.04,0,0,0.0133333333333333,0.04,0,1155000
0,0.00666666666666667,0.04,0.04,0,0,0.0133333333333333,0.04,0,1160000
0,0.00666666666666667,0.0333333333333333,0.04,0,0,0.0133333333333333,0.04,0,1165000
0,0,0.0333333333333333,0.04,0,0,0.0133333333333333,0.04,0,1170000
0,0,0.0333333333333333,0.04,0,0,0.0133333333333333,0.04,0,1175000
0,0,0.0333333333333333,0.04,0,0,0.0133333333333333,0.04,0,1180000
0,0,0.0333333333333333,0.04,0,0,0.0133333333333333,0.04,0,1185000
0,0,0.0333333333333333,0.04,0,0,0.0133333333333333,0.04,0,1190000
0,0,0.0266666666666667,0.04,0,0,0.0133333333333333,0.04,0,1195000
0,0,0.0266666666666667,0.04,0,0,0.0133333333333333,0.04,0,1200000
0,0,0.0266666666666667,0.04,0,0,0.00666666666666667,0.04,0,1205000
0,0,0.0266666666666667,0.04,0,0,0.00666666666666667,0.04,0,1210000
0,0,0.0266666666666667,0.04,0,0,0.00666666666666667,0.04,0,1215000
0,0,0.0266666666666667,0.0333333333333333,0,0,0.00666666666666667,0.04,0,1220000
0,0,0.0266666666666667,0.0333333333333333,0,0,0.00666666666666667,0.04,0,1225000
0,0,0.0266666666666667,0.0333333333333333,0,0,0.00666666666666667,0.04,0,1230000
0,0,0.0266666666666667,0.0333333333333333,0,0,0.00666666666666667,0.04,0,1235000
0,0,0.0266666666666667,0.0333333333333333,0,0,0.00666666666666667,0.04,0,1240000
0,0,0.0266666666666667,0.0333333333333333,0,0,0.00666666666666667,0.0333333333333333,0,1245000
0,0,0.0266666666666667,0.0333333333333333,0,0,0.00666666666666667,0.0333333333333333,0,1250000
0,0,0.0266666666666667,0.0333333333333333,0,0,0.00666666666666667,0.0333333333333333,0,1255000
0,0,0.0266666666666667,0.0333333333333333,0,0,0.00666666666666667,0.0333333333333333,0,1260000
0,0,0.0266666666666667,0.0333333333333333,0,0,0,0.0333333333333333,0,1265000
0,0,0.0266666666666667,0.0333333333333333,0,0,0,0.0333333333333333,0,1270000
0,0,0.0266666666666667,0.0266666666666667,0,0,0,0.0333333333333333,0,1275000
0,0,0.0266666666666667,0.0266666666666667,0,0,0,0.0333333333333333,0,1280000
0,0,0.0266666666666667,0.0266666666666667,0,0,0,0.0333333333333333,0,1285000
0,0,0.0266666666666667,0.0266666666666667,0,0,0,0.0333333333333333,0,1290000
0,0,0.0266666666666667,0.0266666666666667,0,0,0,0.0333333333333333,0,1295000
0,0,0.0266666666666667,0.0266666666666667,0,0,0,0.0333333333333333,0,1300000
0,0,0.02,0.0266666666666667,0,0,0,0.0333333333333333,0,1305000
0,0,0.02,0.0266666666666667,0,0,0,0.0333333333333333,0,1310000
0,0,0.02,0.0266666666666667,0,0,0,0.0333333333333333,0,1315000
0,0,0.02,0.0266666666666667,0,0,0,0.0333333333333333,0,1320000
0,0,0.02,0.0266666666666667,0,0,0,0.0333333333333333,0,1325000
0,0,0.02,0.0266666666666667,0,0,0,0.0333333333333333,0,1330000
0,0,0.02,0.0266666666666667,0,0,0,0.0333333333333333,0,1335000
0,0,0.02,0.0266666666666667,0,0,0,0.0333333333333333,0,1340000
0,0,0.02,0.0266666666666667,0,0,0,0.0333333333333333,0,1345000
0,0,0.02,0.0266666666666667,0,0,0,0.0333333333333333,0,1350000
0,0,0.02,0.0266666666666667,0,0,0,0.0333333333333333,0,1355000
0,0,0.02,0.0266666666666667,0,0,0,0.0333333333333333,0,1360000
0,0,0.02,0.0266666666666667,0,0,0,0.0333333333333333,0,1365000
0,0,0.02,0.0266666666666667,0,0,0,0.0333333333333333,0,1370000
0,0,0.02,0.0266666666666667,0,0,0,0.0333333333333333,0,1375000
0,0,0.02,0.0266666666666667,0,0,0,0.0333333333333333,0,1380000
0,0,0.02,0.0266666666666667,0,0,0,0.0333333333333333,0,1385000
0,0,0.02,0.0266666666666667,0,0,0,0.0266666666666667,0,1390000
0,0,0.02,0.0266666666666667,0,0,0,0.0266666666666667,0,1395000
0,0,0.02,0.02,0,0,0,0.0266666666666667,0,1400000
0,0,0.02,0.02,0,0,0,0.0266666666666667,0,1405000
0,0,0.02,0.02,0,0,0,0.0266666666666667,0,1410000
0,0,0.02,0.02,0,0,0,0.0266666666666667,0,1415000
0,0,0.02,0.02,0,0,0,0.0266666666666667,0,1420000
0,0,0.02,0.02,0,0,0,0.0266666666666667,0,1425000
0,0,0.02,0.02,0,0,0,0.0266666666666667,0,1430000
0,0,0.02,0.02,0,0,0,0.0266666666666667,0,1435000
0,0,0.02,0.02,0,0,0,0.0266666666666667,0,1440000
0,0,0.02,0.02,0,0,0,0.0266666666666667,0,1445000
0,0,0.02,0.02,0,0,0,0.0266666666666667,0,1450000
0,0,0.02,0.02,0,0,0,0.0266666666666667,0,1455000
0,0,0.02,0.02,0,0,0,0.0266666666666667,0,1460000
0,0,0.02,0.02,0,0,0,0.0266666666666667,0,1465000
0,0,0.02,0.02,0,0,0,0.0266666666666667,0,1470000
0,0,0.02,0.02,0,0,0,0.0266666666666667,0,1475000
0,0,0.02,0.02,0,0,0,0.0266666666666667,0,1480000
0,0,0.02,0.02,0,0,0,0.0266666666666667,0,1485000
0,0,0.02,0.02,0,0,0,0.0266666666666667,0,1490000
0,0,0.02,0.02,0,0,0,0.0266666666666667,0,1495000
0,0,0.02,0.02,0,0,0,0.0266666666666667,0,1500000
0,0,0.02,0.02,0,0,0,0.02,0,1505000
0,0,0.02,0.02,0,0,0,0.02,0,1510000
0,0,0.02,0.02,0,0,0,0.02,0,1515000
0,0,0.02,0.02,0,0,0,0.02,0,1520000
0,0,0.02,0.02,0,0,0,0.02,0,1525000
0,0,0.02,0.02,0,0,0,0.02,0,1530000
0,0,0.02,0.02,0,0,0,0.02,0,1535000
0,0,0.02,0.02,0,0,0,0.02,0,1540000
0,0,0.02,0.02,0,0,0,0.02,0,1545000
0,0,0.02,0.02,0,0,0,0.02,0,1550000
0,0,0.02,0.02,0,0,0,0.02,0,1555000
0,0,0.02,0.02,0,0,0,0.02,0,1560000
0,0,0.02,0.02,0,0,0,0.02,0,1565000
0,0,0.02,0.02,0,0,0,0.02,0,1570000
0,0,0.02,0.02,0,0,0,0.02,0,1575000
0,0,0.02,0.02,0,0,0,0.02,0,1580000
0,0,0.02,0.02,0,0,0,0.02,0,1585000
0,0,0.02,0.02,0,0,0,0.02,0,1590000
0,0,0.02,0.02,0,0,0,0.02,0,1595000
0,0,0.02,0.02,0,0,0,0.02,0,1600000
0,0,0.02,0.02,0,0,0,0.02,0,1605000
0,0,0.02,0.02,0,0,0,0.02,0,1610000
0,0,0.02,0.02,0,0,0,0.02,0,1615000
0,0,0.02,0.02,0,0,0,0.02,0,1620000
0,0,0.02,0.02,0,0,0,0.02,0,1625000
0,0,0.02,0.02,0,0,0,0.02,0,1630000
0,0,0.02,0.02,0,0,0,0.02,0,1635000
0,0,0.02,0.02,0,0,0,0.02,0,1640000
0,0,0.02,0.02,0,0,0,0.02,0,1645000
0,0,0.02,0.02,0,0,0,0.02,0,1650000
0,0,0.02,0.02,0,0,0,0.02,0,1655000
0,0,0.02,0.02,0,0,0,0.02,0,1660000
0,0,0.02,0.02,0,0,0,0.02,0,1665000
0,0,0.02,0.02,0,0,0,0.02,0,1670000
0,0,0.02,0.02,0,0,0,0.02,0,1675000
0,0,0.02,0.02,0,0,0,0.02,0,1680000
0,0,0.02,0.02,0,0,0,0.02,0,1685000
0,0,0.02,0.02,0,0,0,0.02,0,1690000
0,0,0.02,0.02,0,0,0,0.02,0,1695000
0,0,0.02,0.02,0,0,0,0.02,0,1700000
0,0,0.02,0.02,0,0,0,0.02,0,1705000
0,0,0.02,0.02,0,0,0,0.02,0,1710000
0,0,0.02,0.02,0,0,0,0.02,0,1715000
0,0,0.02,0.02,0,0,0,0.02,0,1720000
0,0,0.02,0.02,0,0,0,0.02,0,1725000
0,0,0.0133333333333333,0.02,0,0,0,0.02,0,1730000
0,0,0.0133333333333333,0.02,0,0,0,0.02,0,1735000
0,0,0.0133333333333333,0.02,0,0,0,0.02,0,1740000
0,0,0.0133333333333333,0.02,0,0,0,0.02,0,1745000
0,0,0.0133333333333333,0.02,0,0,0,0.02,0,1750000
0,0,0.0133333333333333,0.02,0,0,0,0.02,0,1755000
0,0,0.0133333333333333,0.02,0,0,0,0.02,0,1760000
0,0,0.0133333333333333,0.02,0,0,0,0.02,0,1765000
0,0,0.0133333333333333,0.02,0,0,0,0.02,0,1770000
0,0,0.0133333333333333,0.02,0,0,0,0.02,0,1775000
0,0,0.0133333333333333,0.02,0,0,0,0.02,0,1780000
0,0,0.0133333333333333,0.02,0,0,0,0.02,0,1785000
0,0,0.0133333333333333,0.02,0,0,0,0.02,0,1790000
0,0,0.0133333333333333,0.02,0,0,0,0.02,0,1795000
0,0,0.0133333333333333,0.02,0,0,0,0.02,0,1800000
0,0,0.0133333333333333,0.02,0,0,0,0.02,0,1805000
0,0,0.0133333333333333,0.02,0,0,0,0.02,0,1810000
0,0,0.0133333333333333,0.02,0,0,0,0.02,0,1815000
0,0,0.0133333333333333,0.02,0,0,0,0.02,0,1820000
0,0,0.0133333333333333,0.02,0,0,0,0.02,0,1825000
0,0,0.0133333333333333,0.02,0,0,0,0.02,0,1830000
0,0,0.0133333333333333,0.02,0,0,0,0.02,0,1835000
0,0,0.0133333333333333,0.02,0,0,0,0.02,0,1840000
0,0,0.0133333333333333,0.02,0,0,0,0.02,0,1845000
0,0,0.0133333333333333,0.02,0,0,0,0.02,0,1850000
0,0,0.0133333333333333,0.02,0,0,0,0.02,0,1855000
0,0,0.0133333333333333,0.02,0,0,0,0.02,0,1860000
0,0,0.0133333333333333,0.02,0,0,0,0.02,0,1865000
0,0,0.0133333333333333,0.02,0,0,0,0.02,0,1870000
0,0,0.0133333333333333,0.02,0,0,0,0.02,0,1875000
0,0,0.0133333333333333,0.02,0,0,0,0.02,0,1880000
0,0,0.0133333333333333,0.02,0,0,0,0.02,0,1885000
0,0,0.0133333333333333,0.02,0,0,0,0.02,0,1890000
0,0,0.0133333333333333,0.02,0,0,0,0.02,0,1895000
0,0,0.0133333333333333,0.02,0,0,0,0.02,0,1900000
0,0,0.0133333333333333,0.02,0,0,0,0.02,0,1905000
0,0,0.0133333333333333,0.02,0,0,0,0.02,0,1910000
0,0,0.0133333333333333,0.02,0,0,0,0.02,0,1915000
0,0,0.0133333333333333,0.0133333333333333,0,0,0,0.02,0,1920000
0,0,0.0133333333333333,0.0133333333333333,0,0,0,0.02,0,1925000
0,0,0.0133333333333333,0.0133333333333333,0,0,0,0.02,0,1930000
0,0,0.0133333333333333,0.0133333333333333,0,0,0,0.02,0,1935000
0,0,0.0133333333333333,0.0133333333333333,0,0,0,0.02,0,1940000
0,0,0.0133333333333333,0.0133333333333333,0,0,0,0.02,0,1945000
0,0,0.0133333333333333,0.0133333333333333,0,0,0,0.02,0,1950000
0,0,0.0133333333333333,0.0133333333333333,0,0,0,0.02,0,1955000
0,0,0.0133333333333333,0.0133333333333333,0,0,0,0.02,0,1960000
0,0,0.0133333333333333,0.0133333333333333,0,0,0,0.02,0,1965000
0,0,0.0133333333333333,0.0133333333333333,0,0,0,0.02,0,1970000
0,0,0.0133333333333333,0.0133333333333333,0,0,0,0.02,0,1975000
0,0,0.0133333333333333,0.0133333333333333,0,0,0,0.02,0,1980000
0,0,0.0133333333333333,0.0133333333333333,0,0,0,0.02,0,1985000
0,0,0.0133333333333333,0.0133333333333333,0,0,0,0.02,0,1990000
0,0,0.0133333333333333,0.0133333333333333,0,0,0,0.02,0,1995000
0,0,0.0133333333333333,0.0133333333333333,0,0,0,0.02,0,2000000
0,0,0.0133333333333333,0.0133333333333333,0,0,0,0.02,0,2005000
0,0,0.0133333333333333,0.0133333333333333,0,0,0,0.02,0,2010000
0,0,0.0133333333333333,0.0133333333333333,0,0,0,0.02,0,2015000
0,0,0.0133333333333333,0.0133333333333333,0,0,0,0.02,0,2020000
0,0,0.0133333333333333,0.0133333333333333,0,0,0,0.02,0,2025000
0,0,0.0133333333333333,0.0133333333333333,0,0,0,0.02,0,2030000
0,0,0.0133333333333333,0.0133333333333333,0,0,0,0.02,0,2035000
0,0,0.0133333333333333,0.0133333333333333,0,0,0,0.02,0,2040000
0,0,0.0133333333333333,0.0133333333333333,0,0,0,0.02,0,2045000
0,0,0.0133333333333333,0.0133333333333333,0,0,0,0.02,0,2050000
0,0,0.0133333333333333,0.0133333333333333,0,0,0,0.02,0,2055000
0,0,0.0133333333333333,0.0133333333333333,0,0,0,0.02,0,2060000
0,0,0.0133333333333333,0.0133333333333333,0,0,0,0.02,0,2065000
0,0,0.0133333333333333,0.0133333333333333,0,0,0,0.02,0,2070000
0,0,0.0133333333333333,0.0133333333333333,0,0,0,0.02,0,2075000
0,0,0.0133333333333333,0.0133333333333333,0,0,0,0.02,0,2080000
0,0,0.0133333333333333,0.0133333333333333,0,0,0,0.02,0,2085000
0,0,0.0133333333333333,0.0133333333333333,0,0,0,0.02,0,2090000
0,0,0.0133333333333333,0.0133333333333333,0,0,0,0.02,0,2095000
0,0,0.0133333333333333,0.0133333333333333,0,0,0,0.02,0,2100000
0,0,0.0133333333333333,0.0133333333333333,0,0,0,0.02,0,2105000
0,0,0.0133333333333333,0.0133333333333333,0,0,0,0.02,0,2110000
0,0,0.0133333333333333,0.0133333333333333,0,0,0,0.02,0,2115000
0,0,0.0133333333333333,0.0133333333333333,0,0,0,0.02,0,2120000
0,0,0.0133333333333333,0.0133333333333333,0,0,0,0.0133333333333333,0,2125000
0,0,0.0133333333333333,0.0133333333333333,0,0,0,0.0133333333333333,0,2130000
0,0,0.0133333333333333,0.0133333333333333,0,0,0,0.0133333333333333,0,2135000
0,0,0.0133333333333333,0.0133333333333333,0,0,0,0.0133333333333333,0,2140000
0,0,0.0133333333333333,0.0133333333333333,0,0,0,0.0133333333333333,0,2145000
0,0,0.0133333333333333,0.0133333333333333,0,0,0,0.0133333333333333,0,2150000
0,0,0.0133333333333333,0.0133333333333333,0,0,0,0.0133333333333333,0,2155000
0,0,0.0133333333333333,0.0133333333333333,0,0,0,0.0133333333333333,0,2160000
0,0,0.0133333333333333,0.0133333333333333,0,0,0,0.0133333333333333,0,2165000
0,0,0.0133333333333333,0.0133333333333333,0,0,0,0.0133333333333333,0,2170000
0,0,0.0133333333333333,0.0133333333333333,0,0,0,0.0133333333333333,0,2175000
0,0,0.0133333333333333,0.0133333333333333,0,0,0,0.0133333333333333,0,2180000
0,0,0.0133333333333333,0.0133333333333333,0,0,0,0.0133333333333333,0,2185000
0,0,0.0133333333333333,0.0133333333333333,0,0,0,0.0133333333333333,0,2190000
0,0,0.0133333333333333,0.0133333333333333,0,0,0,0.0133333333333333,0,2195000
0,0,0.0133333333333333,0.0133333333333333,0,0,0,0.0133333333333333,0,2200000
0,0,0.0133333333333333,0.0133333333333333,0,0,0,0.0133333333333333,0,2205000
0,0,0.0133333333333333,0.0133333333333333,0,0,0,0.0133333333333333,0,2210000
0,0,0.0133333333333333,0.0133333333333333,0,0,0,0.0133333333333333,0,2215000
0,0,0.0133333333333333,0.0133333333333333,0,0,0,0.0133333333333333,0,2220000
0,0,0.0133333333333333,0.0133333333333333,0,0,0,0.0133333333333333,0,2225000
0,0,0.0133333333333333,0.0133333333333333,0,0,0,0.0133333333333333,0,2230000
0,0,0.0133333333333333,0.0133333333333333,0,0,0,0.0133333333333333,0,2235000
0,0,0.0133333333333333,0.0133333333333333,0,0,0,0.0133333333333333,0,2240000
0,0,0.0133333333333333,0.0133333333333333,0,0,0,0.0133333333333333,0,2245000
0,0,0.0133333333333333,0.0133333333333333,0,0,0,0.0133333333333333,0,2250000
0,0,0.0133333333333333,0.0133333333333333,0,0,0,0.0133333333333333,0,2255000
0,0,0.0133333333333333,0.0133333333333333,0,0,0,0.0133333333333333,0,2260000
0,0,0.0133333333333333,0.0133333333333333,0,0,0,0.0133333333333333,0,2265000
0,0,0.0133333333333333,0.0133333333333333,0,0,0,0.0133333333333333,0,2270000
0,0,0.0133333333333333,0.0133333333333333,0,0,0,0.0133333333333333,0,2275000
0,0,0.0133333333333333,0.0133333333333333,0,0,0,0.0133333333333333,0,2280000
0,0,0.0133333333333333,0.0133333333333333,0,0,0,0.0133333333333333,0,2285000
0,0,0.0133333333333333,0.0133333333333333,0,0,0,0.0133333333333333,0,2290000
0,0,0.0133333333333333,0.0133333333333333,0,0,0,0.0133333333333333,0,2295000
0,0,0.0133333333333333,0.0133333333333333,0,0,0,0.0133333333333333,0,2300000
0,0,0.0133333333333333,0.0133333333333333,0,0,0,0.0133333333333333,0,2305000
0,0,0.0133333333333333,0.0133333333333333,0,0,0,0.0133333333333333,0,2310000
0,0,0.0133333333333333,0.0133333333333333,0,0,0,0.0133333333333333,0,2315000
0,0,0.0133333333333333,0.0133333333333333,0,0,0,0.0133333333333333,0,2320000
0,0,0.0133333333333333,0.0133333333333333,0,0,0,0.0133333333333333,0,2325000
0,0,0.0133333333333333,0.0133333333333333,0,0,0,0.0133333333333333,0,2330000
0,0,0.0133333333333333,0.0133333333333333,0,0,0,0.0133333333333333,0,2335000
0,0,0.0133333333333333,0.0133333333333333,0,0,0,0.0133333333333333,0,2340000
0,0,0.0133333333333333,0.0133333333333333,0,0,0,0.0133333333333333,0,2345000
0,0,0.0133333333333333,0.0133333333333333,0,0,0,0.0133333333333333,0,2350000
0,0,0.0133333333333333,0.0133333333333333,0,0,0,0.0133333333333333,0,2355000
0,0,0.0133333333333333,0.0133333333333333,0,0,0,0.0133333333333333,0,2360000
0,0,0.0133333333333333,0.0133333333333333,0,0,0,0.0133333333333333,0,2365000
0,0,0.0133333333333333,0.0133333333333333,0,0,0,0.0133333333333333,0,2370000
0,0,0.0133333333333333,0.0133333333333333,0,0,0,0.0133333333333333,0,2375000
0,0,0.0133333333333333,0.0133333333333333,0,0,0,0.0133333333333333,0,2380000
0,0,0.0133333333333333,0.0133333333333333,0,0,0,0.0133333333333333,0,2385000
0,0,0.0133333333333333,0.0133333333333333,0,0,0,0.0133333333333333,0,2390000
0,0,0.0133333333333333,0.0133333333333333,0,0,0,0.0133333333333333,0,2395000
0,0,0.0133333333333333,0.0133333333333333,0,0,0,0.0133333333333333,0,2400000
0,0,0.0133333333333333,0.0133333333333333,0,0,0,0.0133333333333333,0,2405000
0,0,0.0133333333333333,0.0133333333333333,0,0,0,0.0133333333333333,0,2410000
0,0,0.0133333333333333,0.0133333333333333,0,0,0,0.0133333333333333,0,2415000
0,0,0.0133333333333333,0.0133333333333333,0,0,0,0.0133333333333333,0,2420000
0,0,0.0133333333333333,0.0133333333333333,0,0,0,0.0133333333333333,0,2425000
0,0,0.0133333333333333,0.0133333333333333,0,0,0,0.0133333333333333,0,2430000
0,0,0.0133333333333333,0.0133333333333333,0,0,0,0.0133333333333333,0,2435000
0,0,0.0133333333333333,0.0133333333333333,0,0,0,0.0133333333333333,0,2440000
0,0,0.0133333333333333,0.0133333333333333,0,0,0,0.0133333333333333,0,2445000
0,0,0.0133333333333333,0.0133333333333333,0,0,0,0.0133333333333333,0,2450000
0,0,0.0133333333333333,0.0133333333333333,0,0,0,0.0133333333333333,0,2455000
0,0,0.0133333333333333,0.0133333333333333,0,0,0,0.0133333333333333,0,2460000
0,0,0.0133333333333333,0.0133333333333333,0,0,0,0.0133333333333333,0,2465000
0,0,0.0133333333333333,0.0133333333333333,0,0,0,0.0133333333333333,0,2470000
0,0,0.0133333333333333,0.0133333333333333,0,0,0,0.0133333333333333,0,2475000
0,0,0.0133333333333333,0.0133333333333333,0,0,0,0.0133333333333333,0,2480000
0,0,0.0133333333333333,0.0133333333333333,0,0,0,0.0133333333333333,0,2485000
0,0,0.0133333333333333,0.0133333333333333,0,0,0,0.0133333333333333,0,2490000
0,0,0.0133333333333333,0.0133333333333333,0,0,0,0.0133333333333333,0,2495000
0,0,0.0133333333333333,0.0133333333333333,0,0,0,0.0133333333333333,0,2500000
0,0,0.0133333333333333,0.0133333333333333,0,0,0,0.0133333333333333,0,2505000
0,0,0.0133333333333333,0.0133333333333333,0,0,0,0.0133333333333333,0,2510000
0,0,0.0133333333333333,0.0133333333333333,0,0,0,0.0133333333333333,0,2515000
0,0,0.0133333333333333,0.0133333333333333,0,0,0,0.0133333333333333,0,2520000
0,0,0.0133333333333333,0.0133333333333333,0,0,0,0.0133333333333333,0,2525000
0,0,0.0133333333333333,0.0133333333333333,0,0,0,0.0133333333333333,0,2530000
0,0,0.0133333333333333,0.0133333333333333,0,0,0,0.0133333333333333,0,2535000
0,0,0.0133333333333333,0.0133333333333333,0,0,0,0.0133333333333333,0,2540000
0,0,0.0133333333333333,0.0133333333333333,0,0,0,0.0133333333333333,0,2545000
0,0,0.0133333333333333,0.0133333333333333,0,0,0,0.0133333333333333,0,2550000
0,0,0.0133333333333333,0.0133333333333333,0,0,0,0.0133333333333333,0,2555000
0,0,0.0133333333333333,0.0133333333333333,0,0,0,0.0133333333333333,0,2560000
0,0,0.0133333333333333,0.0133333333333333,0,0,0,0.0133333333333333,0,2565000
0,0,0.0133333333333333,0.0133333333333333,0,0,0,0.0133333333333333,0,2570000
0,0,0.0133333333333333,0.0133333333333333,0,0,0,0.0133333333333333,0,2575000
0,0,0.0133333333333333,0.0133333333333333,0,0,0,0.0133333333333333,0,2580000
0,0,0.0133333333333333,0.0133333333333333,0,0,0,0.0133333333333333,0,2585000
0,0,0.0133333333333333,0.0133333333333333,0,0,0,0.0133333333333333,0,2590000
0,0,0.0133333333333333,0.0133333333333333,0,0,0,0.0133333333333333,0,2595000
0,0,0.0133333333333333,0.0133333333333333,0,0,0,0.0133333333333333,0,2600000
0,0,0.0133333333333333,0.0133333333333333,0,0,0,0.0133333333333333,0,2605000
0,0,0.0133333333333333,0.0133333333333333,0,0,0,0.0133333333333333,0,2610000
0,0,0.0133333333333333,0.0133333333333333,0,0,0,0.0133333333333333,0,2615000
0,0,0.0133333333333333,0.0133333333333333,0,0,0,0.0133333333333333,0,2620000
0,0,0.0133333333333333,0.0133333333333333,0,0,0,0.0133333333333333,0,2625000
0,0,0.0133333333333333,0.0133333333333333,0,0,0,0.0133333333333333,0,2630000
0,0,0.0133333333333333,0.0133333333333333,0,0,0,0.0133333333333333,0,2635000
0,0,0.0133333333333333,0.0133333333333333,0,0,0,0.0133333333333333,0,2640000
0,0,0.0133333333333333,0.0133333333333333,0,0,0,0.0133333333333333,0,2645000
0,0,0.0133333333333333,0.0133333333333333,0,0,0,0.0133333333333333,0,2650000
0,0,0.0133333333333333,0.0133333333333333,0,0,0,0.0133333333333333,0,2655000
0,0,0.0133333333333333,0.0133333333333333,0,0,0,0.0133333333333333,0,2660000
0,0,0.0133333333333333,0.0133333333333333,0,0,0,0.0133333333333333,0,2665000
0,0,0.0133333333333333,0.0133333333333333,0,0,0,0.0133333333333333,0,2670000
0,0,0.0133333333333333,0.0133333333333333,0,0,0,0.0133333333333333,0,2675000
0,0,0.0133333333333333,0.0133333333333333,0,0,0,0.0133333333333333,0,2680000
0,0,0.0133333333333333,0.0133333333333333,0,0,0,0.0133333333333333,0,2685000
0,0,0.0133333333333333,0.0133333333333333,0,0,0,0.0133333333333333,0,2690000
0,0,0.0133333333333333,0.0133333333333333,0,0,0,0.0133333333333333,0,2695000
0,0,0.0133333333333333,0.0133333333333333,0,0,0,0.0133333333333333,0,2700000
0,0,0.0133333333333333,0.0133333333333333,0,0,0,0.0133333333333333,0,2705000
0,0,0.0133333333333333,0.0133333333333333,0,0,0,0.0133333333333333,0,2710000
0,0,0.0133333333333333,0.0133333333333333,0,0,0,0.0133333333333333,0,2715000
0,0,0.0133333333333333,0.0133333333333333,0,0,0,0.0133333333333333,0,2720000
0,0,0.0133333333333333,0.0133333333333333,0,0,0,0.0133333333333333,0,2725000
0,0,0.0133333333333333,0.0133333333333333,0,0,0,0.0133333333333333,0,2730000
0,0,0.0133333333333333,0.0133333333333333,0,0,0,0.0133333333333333,0,2735000
0,0,0.0133333333333333,0.0133333333333333,0,0,0,0.0133333333333333,0,2740000
0,0,0.0133333333333333,0.0133333333333333,0,0,0,0.0133333333333333,0,2745000
0,0,0.0133333333333333,0.0133333333333333,0,0,0,0.0133333333333333,0,2750000
0,0,0.0133333333333333,0.0133333333333333,0,0,0,0.0133333333333333,0,2755000
0,0,0.0133333333333333,0.0133333333333333,0,0,0,0.0133333333333333,0,2760000
0,0,0.0133333333333333,0.0133333333333333,0,0,0,0.0133333333333333,0,2765000
0,0,0.0133333333333333,0.0133333333333333,0,0,0,0.0133333333333333,0,2770000
0,0,0.0133333333333333,0.0133333333333333,0,0,0,0.0133333333333333,0,2775000
0,0,0.0133333333333333,0.0133333333333333,0,0,0,0.0133333333333333,0,2780000
0,0,0.0133333333333333,0.0133333333333333,0,0,0,0.0133333333333333,0,2785000
0,0,0.0133333333333333,0.0133333333333333,0,0,0,0.0133333333333333,0,2790000
0,0,0.0133333333333333,0.0133333333333333,0,0,0,0.0133333333333333,0,2795000
0,0,0.0133333333333333,0.0133333333333333,0,0,0,0.0133333333333333,0,2800000
0,0,0.0133333333333333,0.0133333333333333,0,0,0,0.0133333333333333,0,2805000
0,0,0.0133333333333333,0.0133333333333333,0,0,0,0.0133333333333333,0,2810000
0,0,0.0133333333333333,0.0133333333333333,0,0,0,0.0133333333333333,0,2815000
0,0,0.0133333333333333,0.0133333333333333,0,0,0,0.0133333333333333,0,2820000
0,0,0.0133333333333333,0.0133333333333333,0,0,0,0.0133333333333333,0,2825000
0,0,0.0133333333333333,0.0133333333333333,0,0,0,0.0133333333333333,0,2830000
0,0,0.0133333333333333,0.0133333333333333,0,0,0,0.0133333333333333,0,2835000
0,0,0.0133333333333333,0.0133333333333333,0,0,0,0.0133333333333333,0,2840000
0,0,0.0133333333333333,0.0133333333333333,0,0,0,0.0133333333333333,0,2845000
0,0,0.0133333333333333,0.0133333333333333,0,0,0,0.0133333333333333,0,2850000
0,0,0.0133333333333333,0.0133333333333333,0,0,0,0.0133333333333333,0,2855000
0,0,0.0133333333333333,0.0133333333333333,0,0,0,0.0133333333333333,0,2860000
0,0,0.0133333333333333,0.0133333333333333,0,0,0,0.0133333333333333,0,2865000
0,0,0.0133333333333333,0.0133333333333333,0,0,0,0.0133333333333333,0,2870000
0,0,0.0133333333333333,0.0133333333333333,0,0,0,0.0133333333333333,0,2875000
0,0,0.0133333333333333,0.0133333333333333,0,0,0,0.0133333333333333,0,2880000
0,0,0.0133333333333333,0.0133333333333333,0,0,0,0.0133333333333333,0,2885000
0,0,0.0133333333333333,0.0133333333333333,0,0,0,0.0133333333333333,0,2890000
0,0,0.0133333333333333,0.0133333333333333,0,0,0,0.0133333333333333,0,2895000
0,0,0.0133333333333333,0.0133333333333333,0,0,0,0.0133333333333333,0,2900000
0,0,0.0133333333333333,0.0133333333333333,0,0,0,0.0133333333333333,0,2905000
0,0,0.0133333333333333,0.0133333333333333,0,0,0,0.0133333333333333,0,2910000
0,0,0.0133333333333333,0.0133333333333333,0,0,0,0.0133333333333333,0,2915000
0,0,0.0133333333333333,0.0133333333333333,0,0,0,0.0133333333333333,0,2920000
0,0,0.0133333333333333,0.0133333333333333,0,0,0,0.0133333333333333,0,2925000
0,0,0.0133333333333333,0.0133333333333333,0,0,0,0.0133333333333333,0,2930000
0,0,0.0133333333333333,0.0133333333333333,0,0,0,0.0133333333333333,0,2935000
0,0,0.0133333333333333,0.0133333333333333,0,0,0,0.0133333333333333,0,2940000
0,0,0.0133333333333333,0.0133333333333333,0,0,0,0.0133333333333333,0,2945000
0,0,0.0133333333333333,0.0133333333333333,0,0,0,0.0133333333333333,0,2950000
0,0,0.0133333333333333,0.0133333333333333,0,0,0,0.0133333333333333,0,2955000
0,0,0.0133333333333333,0.0133333333333333,0,0,0,0.0133333333333333,0,2960000
0,0,0.0133333333333333,0.0133333333333333,0,0,0,0.0133333333333333,0,2965000
0,0,0.0133333333333333,0.0133333333333333,0,0,0,0.0133333333333333,0,2970000
0,0,0.0133333333333333,0.0133333333333333,0,0,0,0.0133333333333333,0,2975000
0,0,0.0133333333333333,0.0133333333333333,0,0,0,0.0133333333333333,0,2980000
0,0,0.0133333333333333,0.0133333333333333,0,0,0,0.0133333333333333,0,2985000
0,0,0.0133333333333333,0.0133333333333333,0,0,0,0.0133333333333333,0,2990000
0,0,0.0133333333333333,0.0133333333333333,0,0,0,0.0133333333333333,0,2995000
0,0,0.0133333333333333,0.0133333333333333,0,0,0,0.0133333333333333,0,3000000
0,0,0.0133333333333333,0.0133333333333333,0,0,0,0.0133333333333333,0,3005000
0,0,0.0133333333333333,0.0133333333333333,0,0,0,0.0133333333333333,0,3010000
0,0,0.0133333333333333,0.0133333333333333,0,0,0,0.0133333333333333,0,3015000
0,0,0.0133333333333333,0.0133333333333333,0,0,0,0.0133333333333333,0,3020000
0,0,0.0133333333333333,0.0133333333333333,0,0,0,0.0133333333333333,0,3025000
0,0,0.0133333333333333,0.0133333333333333,0,0,0,0.0133333333333333,0,3030000
0,0,0.0133333333333333,0.0133333333333333,0,0,0,0.0133333333333333,0,3035000
0,0,0.0133333333333333,0.0133333333333333,0,0,0,0.0133333333333333,0,3040000
0,0,0.0133333333333333,0.0133333333333333,0,0,0,0.0133333333333333,0,3045000
0,0,0.0133333333333333,0.0133333333333333,0,0,0,0.0133333333333333,0,3050000
0,0,0.0133333333333333,0.0133333333333333,0,0,0,0.0133333333333333,0,3055000
0,0,0.0133333333333333,0.0133333333333333,0,0,0,0.0133333333333333,0,3060000
0,0,0.0133333333333333,0.0133333333333333,0,0,0,0.0133333333333333,0,3065000
0,0,0.0133333333333333,0.0133333333333333,0,0,0,0.0133333333333333,0,3070000
0,0,0.0133333333333333,0.0133333333333333,0,0,0,0.0133333333333333,0,3075000
0,0,0.0133333333333333,0.0133333333333333,0,0,0,0.0133333333333333,0,3080000
0,0,0.0133333333333333,0.0133333333333333,0,0,0,0.0133333333333333,0,3085000
0,0,0.0133333333333333,0.0133333333333333,0,0,0,0.0133333333333333,0,3090000
0,0,0.0133333333333333,0.0133333333333333,0,0,0,0.0133333333333333,0,3095000
0,0,0.0133333333333333,0.0133333333333333,0,0,0,0.0133333333333333,0,3100000
0,0,0.0133333333333333,0.0133333333333333,0,0,0,0.0133333333333333,0,3105000
0,0,0.0133333333333333,0.0133333333333333,0,0,0,0.0133333333333333,0,3110000
0,0,0.0133333333333333,0.0133333333333333,0,0,0,0.0133333333333333,0,3115000
0,0,0.0133333333333333,0.0133333333333333,0,0,0,0.0133333333333333,0,3120000
0,0,0.0133333333333333,0.0133333333333333,0,0,0,0.0133333333333333,0,3125000
0,0,0.0133333333333333,0.0133333333333333,0,0,0,0.0133333333333333,0,3130000
0,0,0.0133333333333333,0.0133333333333333,0,0,0,0.0133333333333333,0,3135000
0,0,0.0133333333333333,0.0133333333333333,0,0,0,0.0133333333333333,0,3140000
0,0,0.0133333333333333,0.0133333333333333,0,0,0,0.0133333333333333,0,3145000
0,0,0.0133333333333333,0.0133333333333333,0,0,0,0.0133333333333333,0,3150000
0,0,0.0133333333333333,0.0133333333333333,0,0,0,0.0133333333333333,0,3155000
0,0,0.0133333333333333,0.0133333333333333,0,0,0,0.0133333333333333,0,3160000
0,0,0.0133333333333333,0.0133333333333333,0,0,0,0.0133333333333333,0,3165000
0,0,0.0133333333333333,0.0133333333333333,0,0,0,0.0133333333333333,0,3170000
0,0,0.0133333333333333,0.0133333333333333,0,0,0,0.0133333333333333,0,3175000
0,0,0.0133333333333333,0.0133333333333333,0,0,0,0.0133333333333333,0,3180000
0,0,0.0133333333333333,0.0133333333333333,0,0,0,0.0133333333333333,0,3185000
0,0,0.0133333333333333,0.0133333333333333,0,0,0,0.0133333333333333,0,3190000
0,0,0.0133333333333333,0.0133333333333333,0,0,0,0.0133333333333333,0,3195000
0,0,0.0133333333333333,0.0133333333333333,0,0,0,0.0133333333333333,0,3200000
0,0,0.0133333333333333,0.0133333333333333,0,0,0,0.0133333333333333,0,3205000
0,0,0.0133333333333333,0.0133333333333333,0,0,0,0.0133333333333333,0,3210000
0,0,0.0133333333333333,0.0133333333333333,0,0,0,0.0133333333333333,0,3215000
0,0,0.0133333333333333,0.0133333333333333,0,0,0,0.0133333333333333,0,3220000
0,0,0.0133333333333333,0.0133333333333333,0,0,0,0.0133333333333333,0,3225000
0,0,0.0133333333333333,0.0133333333333333,0,0,0,0.0133333333333333,0,3230000
0,0,0.0133333333333333,0.0133333333333333,0,0,0,0.0133333333333333,0,3235000
0,0,0.0133333333333333,0.0133333333333333,0,0,0,0.0133333333333333,0,3240000
0,0,0.0133333333333333,0.0133333333333333,0,0,0,0.0133333333333333,0,3245000
0,0,0.0133333333333333,0.0133333333333333,0,0,0,0.0133333333333333,0,3250000
0,0,0.0133333333333333,0.0133333333333333,0,0,0,0.0133333333333333,0,3255000
0,0,0.0133333333333333,0.0133333333333333,0,0,0,0.0133333333333333,0,3260000
0,0,0.0133333333333333,0.0133333333333333,0,0,0,0.0133333333333333,0,3265000
0,0,0.0133333333333333,0.0133333333333333,0,0,0,0.0133333333333333,0,3270000
0,0,0.0133333333333333,0.0133333333333333,0,0,0,0.0133333333333333,0,3275000
0,0,0.0133333333333333,0.0133333333333333,0,0,0,0.0133333333333333,0,3280000
0,0,0.0133333333333333,0.0133333333333333,0,0,0,0.0133333333333333,0,3285000
0,0,0.0133333333333333,0.0133333333333333,0,0,0,0.0133333333333333,0,3290000
0,0,0.0133333333333333,0.0133333333333333,0,0,0,0.0133333333333333,0,3295000
0,0,0.0133333333333333,0.0133333333333333,0,0,0,0.0133333333333333,0,3300000
0,0,0.0133333333333333,0.0133333333333333,0,0,0,0.0133333333333333,0,3305000
0,0,0.0133333333333333,0.0133333333333333,0,0,0,0.0133333333333333,0,3310000
0,0,0.0133333333333333,0.0133333333333333,0,0,0,0.0133333333333333,0,3315000
0,0,0.0133333333333333,0.0133333333333333,0,0,0,0.0133333333333333,0,3320000
0,0,0.0133333333333333,0.0133333333333333,0,0,0,0.0133333333333333,0,3325000
0,0,0.0133333333333333,0.0133333333333333,0,0,0,0.0133333333333333,0,3330000
0,0,0.0133333333333333,0.0133333333333333,0,0,0,0.0133333333333333,0,3335000
0,0,0.00666666666666667,0.0133333333333333,0,0,0,0.0133333333333333,0,3340000
0,0,0.00666666666666667,0.0133333333333333,0,0,0,0.0133333333333333,0,3345000
0,0,0.00666666666666667,0.0133333333333333,0,0,0,0.0133333333333333,0,3350000
0,0,0.00666666666666667,0.0133333333333333,0,0,0,0.0133333333333333,0,3355000
0,0,0.00666666666666667,0.0133333333333333,0,0,0,0.0133333333333333,0,3360000
0,0,0.00666666666666667,0.0133333333333333,0,0,0,0.0133333333333333,0,3365000
0,0,0.00666666666666667,0.0133333333333333,0,0,0,0.0133333333333333,0,3370000
0,0,0.00666666666666667,0.0133333333333333,0,0,0,0.0133333333333333,0,3375000
0,0,0.00666666666666667,0.0133333333333333,0,0,0,0.0133333333333333,0,3380000
0,0,0.00666666666666667,0.0133333333333333,0,0,0,0.0133333333333333,0,3385000
0,0,0.00666666666666667,0.0133333333333333,0,0,0,0.0133333333333333,0,3390000
0,0,0.00666666666666667,0.0133333333333333,0,0,0,0.0133333333333333,0,3395000
0,0,0.00666666666666667,0.0133333333333333,0,0,0,0.0133333333333333,0,3400000
0,0,0.00666666666666667,0.0133333333333333,0,0,0,0.0133333333333333,0,3405000
0,0,0.00666666666666667,0.0133333333333333,0,0,0,0.0133333333333333,0,3410000
0,0,0.00666666666666667,0.0133333333333333,0,0,0,0.0133333333333333,0,3415000
0,0,0.00666666666666667,0.0133333333333333,0,0,0,0.0133333333333333,0,3420000
0,0,0.00666666666666667,0.0133333333333333,0,0,0,0.0133333333333333,0,3425000
0,0,0.00666666666666667,0.0133333333333333,0,0,0,0.0133333333333333,0,3430000
0,0,0.00666666666666667,0.0133333333333333,0,0,0,0.0133333333333333,0,3435000
0,0,0.00666666666666667,0.0133333333333333,0,0,0,0.0133333333333333,0,3440000
0,0,0.00666666666666667,0.0133333333333333,0,0,0,0.0133333333333333,0,3445000
0,0,0.00666666666666667,0.0133333333333333,0,0,0,0.0133333333333333,0,3450000
0,0,0.00666666666666667,0.0133333333333333,0,0,0,0.0133333333333333,0,3455000
0,0,0.00666666666666667,0.0133333333333333,0,0,0,0.0133333333333333,0,3460000
0,0,0.00666666666666667,0.0133333333333333,0,0,0,0.0133333333333333,0,3465000
0,0,0.00666666666666667,0.0133333333333333,0,0,0,0.0133333333333333,0,3470000
0,0,0.00666666666666667,0.0133333333333333,0,0,0,0.0133333333333333,0,3475000
0,0,0.00666666666666667,0.0133333333333333,0,0,0,0.0133333333333333,0,3480000
0,0,0.00666666666666667,0.0133333333333333,0,0,0,0.0133333333333333,0,3485000
0,0,0.00666666666666667,0.0133333333333333,0,0,0,0.0133333333333333,0,3490000
0,0,0.00666666666666667,0.0133333333333333,0,0,0,0.0133333333333333,0,3495000
0,0,0.00666666666666667,0.0133333333333333,0,0,0,0.0133333333333333,0,3500000
0,0,0.00666666666666667,0.0133333333333333,0,0,0,0.0133333333333333,0,3505000
0,0,0.00666666666666667,0.0133333333333333,0,0,0,0.0133333333333333,0,3510000
0,0,0.00666666666666667,0.0133333333333333,0,0,0,0.0133333333333333,0,3515000
0,0,0.00666666666666667,0.0133333333333333,0,0,0,0.0133333333333333,0,3520000
0,0,0.00666666666666667,0.0133333333333333,0,0,0,0.0133333333333333,0,3525000
0,0,0.00666666666666667,0.0133333333333333,0,0,0,0.0133333333333333,0,3530000
0,0,0.00666666666666667,0.0133333333333333,0,0,0,0.0133333333333333,0,3535000
0,0,0.00666666666666667,0.0133333333333333,0,0,0,0.0133333333333333,0,3540000
0,0,0.00666666666666667,0.0133333333333333,0,0,0,0.0133333333333333,0,3545000
0,0,0.00666666666666667,0.0133333333333333,0,0,0,0.0133333333333333,0,3550000
0,0,0.00666666666666667,0.0133333333333333,0,0,0,0.0133333333333333,0,3555000
0,0,0.00666666666666667,0.0133333333333333,0,0,0,0.0133333333333333,0,3560000
0,0,0.00666666666666667,0.0133333333333333,0,0,0,0.0133333333333333,0,3565000
0,0,0.00666666666666667,0.0133333333333333,0,0,0,0.0133333333333333,0,3570000
0,0,0.00666666666666667,0.0133333333333333,0,0,0,0.0133333333333333,0,3575000
0,0,0.00666666666666667,0.0133333333333333,0,0,0,0.0133333333333333,0,3580000
0,0,0.00666666666666667,0.0133333333333333,0,0,0,0.0133333333333333,0,3585000
0,0,0.00666666666666667,0.0133333333333333,0,0,0,0.0133333333333333,0,3590000
0,0,0.00666666666666667,0.0133333333333333,0,0,0,0.0133333333333333,0,3595000
0,0,0.00666666666666667,0.0133333333333333,0,0,0,0.0133333333333333,0,3600000
0,0,0.00666666666666667,0.00666666666666667,0,0,0,0.0133333333333333,0,3605000
0,0,0.00666666666666667,0.00666666666666667,0,0,0,0.0133333333333333,0,3610000
0,0,0.00666666666666667,0.00666666666666667,0,0,0,0.0133333333333333,0,3615000
0,0,0.00666666666666667,0.00666666666666667,0,0,0,0.0133333333333333,0,3620000
0,0,0.00666666666666667,0.00666666666666667,0,0,0,0.0133333333333333,0,3625000
0,0,0.00666666666666667,0.00666666666666667,0,0,0,0.0133333333333333,0,3630000
0,0,0.00666666666666667,0.00666666666666667,0,0,0,0.0133333333333333,0,3635000
0,0,0.00666666666666667,0.00666666666666667,0,0,0,0.0133333333333333,0,3640000
0,0,0.00666666666666667,0.00666666666666667,0,0,0,0.0133333333333333,0,3645000
0,0,0.00666666666666667,0.00666666666666667,0,0,0,0.0133333333333333,0,3650000
0,0,0.00666666666666667,0.00666666666666667,0,0,0,0.0133333333333333,0,3655000
0,0,0.00666666666666667,0.00666666666666667,0,0,0,0.0133333333333333,0,3660000
0,0,0.00666666666666667,0.00666666666666667,0,0,0,0.0133333333333333,0,3665000
0,0,0.00666666666666667,0.00666666666666667,0,0,0,0.0133333333333333,0,3670000
0,0,0.00666666666666667,0.00666666666666667,0,0,0,0.0133333333333333,0,3675000
0,0,0.00666666666666667,0.00666666666666667,0,0,0,0.0133333333333333,0,3680000
0,0,0.00666666666666667,0.00666666666666667,0,0,0,0.0133333333333333,0,3685000
0,0,0.00666666666666667,0.00666666666666667,0,0,0,0.0133333333333333,0,3690000
0,0,0.00666666666666667,0.00666666666666667,0,0,0,0.0133333333333333,0,3695000
0,0,0.00666666666666667,0.00666666666666667,0,0,0,0.0133333333333333,0,3700000
0,0,0.00666666666666667,0.00666666666666667,0,0,0,0.0133333333333333,0,3705000
0,0,0.00666666666666667,0.00666666666666667,0,0,0,0.0133333333333333,0,3710000
0,0,0.00666666666666667,0.00666666666666667,0,0,0,0.0133333333333333,0,3715000
0,0,0.00666666666666667,0.00666666666666667,0,0,0,0.0133333333333333,0,3720000
0,0,0.00666666666666667,0.00666666666666667,0,0,0,0.0133333333333333,0,3725000
0,0,0.00666666666666667,0.00666666666666667,0,0,0,0.0133333333333333,0,3730000
0,0,0.00666666666666667,0.00666666666666667,0,0,0,0.0133333333333333,0,3735000
0,0,0.00666666666666667,0.00666666666666667,0,0,0,0.0133333333333333,0,3740000
0,0,0.00666666666666667,0.00666666666666667,0,0,0,0.0133333333333333,0,3745000
0,0,0.00666666666666667,0.00666666666666667,0,0,0,0.0133333333333333,0,3750000
0,0,0.00666666666666667,0.00666666666666667,0,0,0,0.0133333333333333,0,3755000
0,0,0.00666666666666667,0.00666666666666667,0,0,0,0.0133333333333333,0,3760000
0,0,0.00666666666666667,0.00666666666666667,0,0,0,0.0133333333333333,0,3765000
0,0,0.00666666666666667,0.00666666666666667,0,0,0,0.0133333333333333,0,3770000
0,0,0.00666666666666667,0.00666666666666667,0,0,0,0.0133333333333333,0,3775000
0,0,0.00666666666666667,0.00666666666666667,0,0,0,0.0133333333333333,0,3780000
0,0,0.00666666666666667,0.00666666666666667,0,0,0,0.0133333333333333,0,3785000
0,0,0.00666666666666667,0.00666666666666667,0,0,0,0.0133333333333333,0,3790000
0,0,0.00666666666666667,0.00666666666666667,0,0,0,0.0133333333333333,0,3795000
0,0,0.00666666666666667,0.00666666666666667,0,0,0,0.0133333333333333,0,3800000
0,0,0.00666666666666667,0.00666666666666667,0,0,0,0.0133333333333333,0,3805000
0,0,0.00666666666666667,0.00666666666666667,0,0,0,0.0133333333333333,0,3810000
0,0,0.00666666666666667,0.00666666666666667,0,0,0,0.0133333333333333,0,3815000
0,0,0.00666666666666667,0.00666666666666667,0,0,0,0.0133333333333333,0,3820000
0,0,0.00666666666666667,0.00666666666666667,0,0,0,0.0133333333333333,0,3825000
0,0,0.00666666666666667,0.00666666666666667,0,0,0,0.0133333333333333,0,3830000
0,0,0.00666666666666667,0.00666666666666667,0,0,0,0.0133333333333333,0,3835000
0,0,0.00666666666666667,0.00666666666666667,0,0,0,0.0133333333333333,0,3840000
0,0,0.00666666666666667,0.00666666666666667,0,0,0,0.0133333333333333,0,3845000
0,0,0.00666666666666667,0.00666666666666667,0,0,0,0.0133333333333333,0,3850000
0,0,0.00666666666666667,0.00666666666666667,0,0,0,0.0133333333333333,0,3855000
0,0,0.00666666666666667,0.00666666666666667,0,0,0,0.0133333333333333,0,3860000
0,0,0.00666666666666667,0.00666666666666667,0,0,0,0.0133333333333333,0,3865000
0,0,0.00666666666666667,0.00666666666666667,0,0,0,0.0133333333333333,0,3870000
0,0,0.00666666666666667,0.00666666666666667,0,0,0,0.0133333333333333,0,3875000
0,0,0.00666666666666667,0.00666666666666667,0,0,0,0.0133333333333333,0,3880000
0,0,0.00666666666666667,0.00666666666666667,0,0,0,0.00666666666666667,0,3885000
0,0,0.00666666666666667,0.00666666666666667,0,0,0,0.00666666666666667,0,3890000
0,0,0.00666666666666667,0.00666666666666667,0,0,0,0.00666666666666667,0,3895000
0,0,0.00666666666666667,0.00666666666666667,0,0,0,0.00666666666666667,0,3900000
0,0,0.00666666666666667,0.00666666666666667,0,0,0,0.00666666666666667,0,3905000
0,0,0.00666666666666667,0.00666666666666667,0,0,0,0.00666666666666667,0,3910000
0,0,0.00666666666666667,0.00666666666666667,0,0,0,0.00666666666666667,0,3915000
0,0,0.00666666666666667,0.00666666666666667,0,0,0,0.00666666666666667,0,3920000
0,0,0.00666666666666667,0.00666666666666667,0,0,0,0.00666666666666667,0,3925000
0,0,0.00666666666666667,0.00666666666666667,0,0,0,0.00666666666666667,0,3930000
0,0,0.00666666666666667,0.00666666666666667,0,0,0,0.00666666666666667,0,3935000
0,0,0.00666666666666667,0.00666666666666667,0,0,0,0.00666666666666667,0,3940000
0,0,0.00666666666666667,0.00666666666666667,0,0,0,0.00666666666666667,0,3945000
0,0,0.00666666666666667,0.00666666666666667,0,0,0,0.00666666666666667,0,3950000
0,0,0.00666666666666667,0.00666666666666667,0,0,0,0.00666666666666667,0,3955000
0,0,0.00666666666666667,0.00666666666666667,0,0,0,0.00666666666666667,0,3960000
0,0,0.00666666666666667,0.00666666666666667,0,0,0,0.00666666666666667,0,3965000
0,0,0.00666666666666667,0.00666666666666667,0,0,0,0.00666666666666667,0,3970000
0,0,0.00666666666666667,0.00666666666666667,0,0,0,0.00666666666666667,0,3975000
0,0,0.00666666666666667,0.00666666666666667,0,0,0,0.00666666666666667,0,3980000
0,0,0.00666666666666667,0.00666666666666667,0,0,0,0.00666666666666667,0,3985000
0,0,0.00666666666666667,0.00666666666666667,0,0,0,0.00666666666666667,0,3990000
0,0,0.00666666666666667,0.00666666666666667,0,0,0,0.00666666666666667,0,3995000
0,0,0.00666666666666667,0.00666666666666667,0,0,0,0.00666666666666667,0,4000000
0,0,0.00666666666666667,0.00666666666666667,0,0,0,0.00666666666666667,0,4005000
0,0,0.00666666666666667,0.00666666666666667,0,0,0,0.00666666666666667,0,4010000
0,0,0.00666666666666667,0.00666666666666667,0,0,0,0.00666666666666667,0,4015000
0,0,0.00666666666666667,0.00666666666666667,0,0,0,0.00666666666666667,0,4020000
0,0,0.00666666666666667,0.00666666666666667,0,0,0,0.00666666666666667,0,4025000
0,0,0.00666666666666667,0.00666666666666667,0,0,0,0.00666666666666667,0,4030000
0,0,0.00666666666666667,0.00666666666666667,0,0,0,0.00666666666666667,0,4035000
0,0,0.00666666666666667,0.00666666666666667,0,0,0,0.00666666666666667,0,4040000
0,0,0.00666666666666667,0.00666666666666667,0,0,0,0.00666666666666667,0,4045000
0,0,0.00666666666666667,0.00666666666666667,0,0,0,0.00666666666666667,0,4050000
0,0,0.00666666666666667,0.00666666666666667,0,0,0,0.00666666666666667,0,4055000
0,0,0.00666666666666667,0.00666666666666667,0,0,0,0.00666666666666667,0,4060000
0,0,0.00666666666666667,0.00666666666666667,0,0,0,0.00666666666666667,0,4065000
0,0,0.00666666666666667,0.00666666666666667,0,0,0,0.00666666666666667,0,4070000
0,0,0.00666666666666667,0.00666666666666667,0,0,0,0.00666666666666667,0,4075000
0,0,0.00666666666666667,0.00666666666666667,0,0,0,0.00666666666666667,0,4080000
0,0,0.00666666666666667,0.00666666666666667,0,0,0,0.00666666666666667,0,4085000
0,0,0.00666666666666667,0.00666666666666667,0,0,0,0.00666666666666667,0,4090000
0,0,0.00666666666666667,0.00666666666666667,0,0,0,0.00666666666666667,0,4095000
0,0,0.00666666666666667,0.00666666666666667,0,0,0,0.00666666666666667,0,4100000
0,0,0.00666666666666667,0.00666666666666667,0,0,0,0.00666666666666667,0,4105000
0,0,0.00666666666666667,0.00666666666666667,0,0,0,0.00666666666666667,0,4110000
0,0,0.00666666666666667,0.00666666666666667,0,0,0,0.00666666666666667,0,4115000
0,0,0.00666666666666667,0.00666666666666667,0,0,0,0.00666666666666667,0,4120000
0,0,0.00666666666666667,0.00666666666666667,0,0,0,0.00666666666666667,0,4125000
0,0,0.00666666666666667,0.00666666666666667,0,0,0,0.00666666666666667,0,4130000
0,0,0.00666666666666667,0.00666666666666667,0,0,0,0.00666666666666667,0,4135000
0,0,0.00666666666666667,0.00666666666666667,0,0,0,0.00666666666666667,0,4140000
0,0,0.00666666666666667,0.00666666666666667,0,0,0,0.00666666666666667,0,4145000
0,0,0.00666666666666667,0.00666666666666667,0,0,0,0.00666666666666667,0,4150000
0,0,0.00666666666666667,0.00666666666666667,0,0,0,0.00666666666666667,0,4155000
0,0,0.00666666666666667,0.00666666666666667,0,0,0,0.00666666666666667,0,4160000
0,0,0.00666666666666667,0.00666666666666667,0,0,0,0.00666666666666667,0,4165000
0,0,0.00666666666666667,0.00666666666666667,0,0,0,0.00666666666666667,0,4170000
0,0,0.00666666666666667,0.00666666666666667,0,0,0,0.00666666666666667,0,4175000
0,0,0.00666666666666667,0.00666666666666667,0,0,0,0.00666666666666667,0,4180000
0,0,0.00666666666666667,0.00666666666666667,0,0,0,0.00666666666666667,0,4185000
0,0,0.00666666666666667,0.00666666666666667,0,0,0,0.00666666666666667,0,4190000
0,0,0.00666666666666667,0.00666666666666667,0,0,0,0.00666666666666667,0,4195000
0,0,0.00666666666666667,0.00666666666666667,0,0,0,0.00666666666666667,0,4200000
0,0,0.00666666666666667,0.00666666666666667,0,0,0,0.00666666666666667,0,4205000
0,0,0.00666666666666667,0.00666666666666667,0,0,0,0.00666666666666667,0,4210000
0,0,0.00666666666666667,0.00666666666666667,0,0,0,0.00666666666666667,0,4215000
0,0,0.00666666666666667,0.00666666666666667,0,0,0,0.00666666666666667,0,4220000
0,0,0.00666666666666667,0.00666666666666667,0,0,0,0.00666666666666667,0,4225000
0,0,0.00666666666666667,0.00666666666666667,0,0,0,0.00666666666666667,0,4230000
0,0,0.00666666666666667,0.00666666666666667,0,0,0,0.00666666666666667,0,4235000
0,0,0.00666666666666667,0.00666666666666667,0,0,0,0.00666666666666667,0,4240000
0,0,0.00666666666666667,0.00666666666666667,0,0,0,0.00666666666666667,0,4245000
0,0,0.00666666666666667,0.00666666666666667,0,0,0,0.00666666666666667,0,4250000
0,0,0.00666666666666667,0.00666666666666667,0,0,0,0.00666666666666667,0,4255000
0,0,0.00666666666666667,0.00666666666666667,0,0,0,0.00666666666666667,0,4260000
0,0,0.00666666666666667,0.00666666666666667,0,0,0,0.00666666666666667,0,4265000
0,0,0.00666666666666667,0.00666666666666667,0,0,0,0.00666666666666667,0,4270000
0,0,0.00666666666666667,0.00666666666666667,0,0,0,0.00666666666666667,0,4275000
0,0,0.00666666666666667,0.00666666666666667,0,0,0,0.00666666666666667,0,4280000
0,0,0.00666666666666667,0.00666666666666667,0,0,0,0.00666666666666667,0,4285000
0,0,0.00666666666666667,0.00666666666666667,0,0,0,0.00666666666666667,0,4290000
0,0,0.00666666666666667,0.00666666666666667,0,0,0,0.00666666666666667,0,4295000
0,0,0.00666666666666667,0.00666666666666667,0,0,0,0.00666666666666667,0,4300000
0,0,0.00666666666666667,0.00666666666666667,0,0,0,0.00666666666666667,0,4305000
0,0,0.00666666666666667,0.00666666666666667,0,0,0,0.00666666666666667,0,4310000
0,0,0.00666666666666667,0.00666666666666667,0,0,0,0.00666666666666667,0,4315000
0,0,0.00666666666666667,0.00666666666666667,0,0,0,0.00666666666666667,0,4320000
0,0,0.00666666666666667,0.00666666666666667,0,0,0,0.00666666666666667,0,4325000
0,0,0.00666666666666667,0.00666666666666667,0,0,0,0.00666666666666667,0,4330000
0,0,0.00666666666666667,0.00666666666666667,0,0,0,0.00666666666666667,0,4335000
0,0,0.00666666666666667,0.00666666666666667,0,0,0,0.00666666666666667,0,4340000
0,0,0.00666666666666667,0.00666666666666667,0,0,0,0.00666666666666667,0,4345000
0,0,0.00666666666666667,0.00666666666666667,0,0,0,0.00666666666666667,0,4350000
0,0,0.00666666666666667,0.00666666666666667,0,0,0,0.00666666666666667,0,4355000
0,0,0.00666666666666667,0.00666666666666667,0,0,0,0.00666666666666667,0,4360000
0,0,0.00666666666666667,0.00666666666666667,0,0,0,0.00666666666666667,0,4365000
0,0,0.00666666666666667,0.00666666666666667,0,0,0,0.00666666666666667,0,4370000
0,0,0.00666666666666667,0.00666666666666667,0,0,0,0.00666666666666667,0,4375000
0,0,0.00666666666666667,0.00666666666666667,0,0,0,0.00666666666666667,0,4380000
0,0,0.00666666666666667,0.00666666666666667,0,0,0,0.00666666666666667,0,4385000
0,0,0.00666666666666667,0.00666666666666667,0,0,0,0.00666666666666667,0,4390000
0,0,0.00666666666666667,0.00666666666666667,0,0,0,0.00666666666666667,0,4395000
0,0,0.00666666666666667,0.00666666666666667,0,0,0,0.00666666666666667,0,4400000
0,0,0.00666666666666667,0.00666666666666667,0,0,0,0.00666666666666667,0,4405000
0,0,0.00666666666666667,0.00666666666666667,0,0,0,0.00666666666666667,0,4410000
0,0,0.00666666666666667,0.00666666666666667,0,0,0,0.00666666666666667,0,4415000
0,0,0.00666666666666667,0.00666666666666667,0,0,0,0.00666666666666667,0,4420000
0,0,0.00666666666666667,0.00666666666666667,0,0,0,0.00666666666666667,0,4425000
0,0,0.00666666666666667,0.00666666666666667,0,0,0,0.00666666666666667,0,4430000
0,0,0.00666666666666667,0.00666666666666667,0,0,0,0.00666666666666667,0,4435000
0,0,0.00666666666666667,0.00666666666666667,0,0,0,0.00666666666666667,0,4440000
0,0,0.00666666666666667,0.00666666666666667,0,0,0,0.00666666666666667,0,4445000
0,0,0.00666666666666667,0.00666666666666667,0,0,0,0.00666666666666667,0,4450000
0,0,0.00666666666666667,0.00666666666666667,0,0,0,0.00666666666666667,0,4455000
0,0,0.00666666666666667,0.00666666666666667,0,0,0,0.00666666666666667,0,4460000
0,0,0.00666666666666667,0.00666666666666667,0,0,0,0.00666666666666667,0,4465000
0,0,0.00666666666666667,0.00666666666666667,0,0,0,0.00666666666666667,0,4470000
0,0,0.00666666666666667,0.00666666666666667,0,0,0,0.00666666666666667,0,4475000
0,0,0.00666666666666667,0.00666666666666667,0,0,0,0.00666666666666667,0,4480000
0,0,0.00666666666666667,0.00666666666666667,0,0,0,0.00666666666666667,0,4485000
0,0,0.00666666666666667,0.00666666666666667,0,0,0,0.00666666666666667,0,4490000
0,0,0.00666666666666667,0.00666666666666667,0,0,0,0.00666666666666667,0,4495000
0,0,0.00666666666666667,0.00666666666666667,0,0,0,0.00666666666666667,0,4500000
0,0,0.00666666666666667,0.00666666666666667,0,0,0,0.00666666666666667,0,4505000
0,0,0.00666666666666667,0.00666666666666667,0,0,0,0.00666666666666667,0,4510000
0,0,0.00666666666666667,0.00666666666666667,0,0,0,0.00666666666666667,0,4515000
0,0,0.00666666666666667,0.00666666666666667,0,0,0,0.00666666666666667,0,4520000
0,0,0.00666666666666667,0.00666666666666667,0,0,0,0.00666666666666667,0,4525000
0,0,0.00666666666666667,0.00666666666666667,0,0,0,0.00666666666666667,0,4530000
0,0,0.00666666666666667,0.00666666666666667,0,0,0,0.00666666666666667,0,4535000
0,0,0.00666666666666667,0.00666666666666667,0,0,0,0.00666666666666667,0,4540000
0,0,0.00666666666666667,0.00666666666666667,0,0,0,0.00666666666666667,0,4545000
0,0,0.00666666666666667,0.00666666666666667,0,0,0,0.00666666666666667,0,4550000
0,0,0.00666666666666667,0.00666666666666667,0,0,0,0.00666666666666667,0,4555000
0,0,0.00666666666666667,0.00666666666666667,0,0,0,0.00666666666666667,0,4560000
0,0,0.00666666666666667,0.00666666666666667,0,0,0,0.00666666666666667,0,4565000
0,0,0.00666666666666667,0.00666666666666667,0,0,0,0.00666666666666667,0,4570000
0,0,0.00666666666666667,0.00666666666666667,0,0,0,0.00666666666666667,0,4575000
0,0,0.00666666666666667,0.00666666666666667,0,0,0,0.00666666666666667,0,4580000
0,0,0.00666666666666667,0.00666666666666667,0,0,0,0.00666666666666667,0,4585000
0,0,0.00666666666666667,0.00666666666666667,0,0,0,0.00666666666666667,0,4590000
0,0,0.00666666666666667,0.00666666666666667,0,0,0,0.00666666666666667,0,4595000
0,0,0.00666666666666667,0.00666666666666667,0,0,0,0.00666666666666667,0,4600000
0,0,0.00666666666666667,0.00666666666666667,0,0,0,0.00666666666666667,0,4605000
0,0,0.00666666666666667,0.00666666666666667,0,0,0,0.00666666666666667,0,4610000
0,0,0.00666666666666667,0.00666666666666667,0,0,0,0.00666666666666667,0,4615000
0,0,0.00666666666666667,0.00666666666666667,0,0,0,0.00666666666666667,0,4620000
0,0,0.00666666666666667,0.00666666666666667,0,0,0,0.00666666666666667,0,4625000
0,0,0.00666666666666667,0.00666666666666667,0,0,0,0.00666666666666667,0,4630000
0,0,0.00666666666666667,0.00666666666666667,0,0,0,0.00666666666666667,0,4635000
0,0,0.00666666666666667,0.00666666666666667,0,0,0,0.00666666666666667,0,4640000
0,0,0.00666666666666667,0.00666666666666667,0,0,0,0.00666666666666667,0,4645000
0,0,0.00666666666666667,0.00666666666666667,0,0,0,0.00666666666666667,0,4650000
0,0,0.00666666666666667,0.00666666666666667,0,0,0,0.00666666666666667,0,4655000
0,0,0.00666666666666667,0.00666666666666667,0,0,0,0.00666666666666667,0,4660000
0,0,0.00666666666666667,0.00666666666666667,0,0,0,0.00666666666666667,0,4665000
0,0,0.00666666666666667,0.00666666666666667,0,0,0,0.00666666666666667,0,4670000
0,0,0.00666666666666667,0.00666666666666667,0,0,0,0.00666666666666667,0,4675000
0,0,0.00666666666666667,0.00666666666666667,0,0,0,0.00666666666666667,0,4680000
0,0,0.00666666666666667,0.00666666666666667,0,0,0,0.00666666666666667,0,4685000
0,0,0.00666666666666667,0.00666666666666667,0,0,0,0.00666666666666667,0,4690000
0,0,0.00666666666666667,0.00666666666666667,0,0,0,0.00666666666666667,0,4695000
0,0,0.00666666666666667,0.00666666666666667,0,0,0,0.00666666666666667,0,4700000
0,0,0.00666666666666667,0.00666666666666667,0,0,0,0.00666666666666667,0,4705000
0,0,0.00666666666666667,0.00666666666666667,0,0,0,0.00666666666666667,0,4710000
0,0,0.00666666666666667,0.00666666666666667,0,0,0,0.00666666666666667,0,4715000
0,0,0.00666666666666667,0.00666666666666667,0,0,0,0.00666666666666667,0,4720000
0,0,0.00666666666666667,0.00666666666666667,0,0,0,0.00666666666666667,0,4725000
0,0,0.00666666666666667,0.00666666666666667,0,0,0,0.00666666666666667,0,4730000
0,0,0.00666666666666667,0.00666666666666667,0,0,0,0.00666666666666667,0,4735000
0,0,0.00666666666666667,0.00666666666666667,0,0,0,0.00666666666666667,0,4740000
0,0,0.00666666666666667,0.00666666666666667,0,0,0,0.00666666666666667,0,4745000
0,0,0.00666666666666667,0.00666666666666667,0,0,0,0.00666666666666667,0,4750000
0,0,0.00666666666666667,0.00666666666666667,0,0,0,0.00666666666666667,0,4755000
0,0,0.00666666666666667,0.00666666666666667,0,0,0,0.00666666666666667,0,4760000
0,0,0.00666666666666667,0.00666666666666667,0,0,0,0.00666666666666667,0,4765000
0,0,0.00666666666666667,0.00666666666666667,0,0,0,0.00666666666666667,0,4770000
0,0,0.00666666666666667,0.00666666666666667,0,0,0,0.00666666666666667,0,4775000
0,0,0.00666666666666667,0.00666666666666667,0,0,0,0.00666666666666667,0,4780000
0,0,0.00666666666666667,0.00666666666666667,0,0,0,0.00666666666666667,0,4785000
0,0,0.00666666666666667,0.00666666666666667,0,0,0,0.00666666666666667,0,4790000
0,0,0.00666666666666667,0.00666666666666667,0,0,0,0.00666666666666667,0,4795000
0,0,0.00666666666666667,0.00666666666666667,0,0,0,0.00666666666666667,0,4800000
0,0,0.00666666666666667,0.00666666666666667,0,0,0,0.00666666666666667,0,4805000
0,0,0.00666666666666667,0.00666666666666667,0,0,0,0.00666666666666667,0,4810000
0,0,0.00666666666666667,0.00666666666666667,0,0,0,0.00666666666666667,0,4815000
0,0,0.00666666666666667,0.00666666666666667,0,0,0,0.00666666666666667,0,4820000
0,0,0.00666666666666667,0.00666666666666667,0,0,0,0.00666666666666667,0,4825000
0,0,0.00666666666666667,0.00666666666666667,0,0,0,0.00666666666666667,0,4830000
0,0,0.00666666666666667,0.00666666666666667,0,0,0,0.00666666666666667,0,4835000
0,0,0.00666666666666667,0.00666666666666667,0,0,0,0.00666666666666667,0,4840000
0,0,0.00666666666666667,0.00666666666666667,0,0,0,0.00666666666666667,0,4845000
0,0,0.00666666666666667,0.00666666666666667,0,0,0,0.00666666666666667,0,4850000
0,0,0.00666666666666667,0.00666666666666667,0,0,0,0.00666666666666667,0,4855000
0,0,0.00666666666666667,0.00666666666666667,0,0,0,0.00666666666666667,0,4860000
0,0,0.00666666666666667,0.00666666666666667,0,0,0,0.00666666666666667,0,4865000
0,0,0.00666666666666667,0.00666666666666667,0,0,0,0.00666666666666667,0,4870000
0,0,0.00666666666666667,0.00666666666666667,0,0,0,0.00666666666666667,0,4875000
0,0,0.00666666666666667,0.00666666666666667,0,0,0,0.00666666666666667,0,4880000
0,0,0.00666666666666667,0.00666666666666667,0,0,0,0.00666666666666667,0,4885000
0,0,0.00666666666666667,0.00666666666666667,0,0,0,0.00666666666666667,0,4890000
0,0,0.00666666666666667,0.00666666666666667,0,0,0,0.00666666666666667,0,4895000
0,0,0.00666666666666667,0.00666666666666667,0,0,0,0.00666666666666667,0,4900000
0,0,0.00666666666666667,0.00666666666666667,0,0,0,0.00666666666666667,0,4905000
0,0,0.00666666666666667,0.00666666666666667,0,0,0,0.00666666666666667,0,4910000
0,0,0.00666666666666667,0.00666666666666667,0,0,0,0.00666666666666667,0,4915000
0,0,0.00666666666666667,0.00666666666666667,0,0,0,0.00666666666666667,0,4920000
0,0,0.00666666666666667,0.00666666666666667,0,0,0,0.00666666666666667,0,4925000
0,0,0.00666666666666667,0.00666666666666667,0,0,0,0.00666666666666667,0,4930000
0,0,0.00666666666666667,0.00666666666666667,0,0,0,0.00666666666666667,0,4935000
0,0,0.00666666666666667,0.00666666666666667,0,0,0,0.00666666666666667,0,4940000
0,0,0.00666666666666667,0.00666666666666667,0,0,0,0.00666666666666667,0,4945000
0,0,0.00666666666666667,0.00666666666666667,0,0,0,0.00666666666666667,0,4950000
0,0,0.00666666666666667,0.00666666666666667,0,0,0,0.00666666666666667,0,4955000
0,0,0.00666666666666667,0.00666666666666667,0,0,0,0.00666666666666667,0,4960000
0,0,0.00666666666666667,0.00666666666666667,0,0,0,0.00666666666666667,0,4965000
0,0,0.00666666666666667,0.00666666666666667,0,0,0,0.00666666666666667,0,4970000
0,0,0.00666666666666667,0.00666666666666667,0,0,0,0.00666666666666667,0,4975000
0,0,0.00666666666666667,0.00666666666666667,0,0,0,0.00666666666666667,0,4980000
0,0,0.00666666666666667,0.00666666666666667,0,0,0,0.00666666666666667,0,4985000
0,0,0.00666666666666667,0.00666666666666667,0,0,0,0.00666666666666667,0,4990000
0,0,0.00666666666666667,0.00666666666666667,0,0,0,0.00666666666666667,0,4995000
0,0,0.00666666666666667,0.00666666666666667,0,0,0,0.00666666666666667,0,5000000
0,0,0.00666666666666667,0.00666666666666667,0,0,0,0.00666666666666667,0,5005000
