beta,lnalpha,lnalpha.c
1.3593736327911592e-5,1.0416681202679263,2.405186026345777
1.793153796307901e-5,1.447996861055369,1.8102783825712787
2.064987066858396e-5,2.433342148080691,2.9155798457052766
1.1853203070488329e-5,1.2944484092887176,1.7179143296273436
2.2251506588110993e-5,1.7747055215023264,2.421602337004375
1.373151940069763e-5,1.964132757058428,2.4275705248939747
2.0612080643361833e-5,2.0343258773702746,2.3542475470837263
2.2492016082242293e-5,2.2982120797278762,4.786729894878642
1.1721962255852099e-5,1.3013489819955133,1.642297859525301
1.155513035787432e-5,1.4257618023351106,2.0091022082530294
1.677024557711057e-5,2.075695096406527,2.3886556503699516
1.4020834202317952e-5,1.3527757755176075,2.0023156568379816
1.8419115268072516e-5,2.3848114057477234,2.7818556707549384
1.3104532094605395e-5,1.8193603780898266,2.2229760196720614
2.1774541130458593e-5,0.6120590360967576,1.748537599753436
1.3912801008094389e-5,2.7836363866032587,9.457656818851587
1.2115827825703352e-5,1.399827332477843,2.0231038189301307
1.5377152286866194e-5,1.9698915195971274,2.843813617306399
6.2120387665834755e-6,1.030698402311033,1.4393035578257467
1.7909415875017807e-5,1.8189651814185437,2.247410459867681
1.4263796922721976e-5,1.2779123397775236,1.5918680968924428
4.070855950936667e-6,1.1212806168937448,1.4544697517702807
1.2179479879959383e-5,1.950148776308036,2.518398794667104
1.2904930467656273e-5,1.085083511421307,1.5655483275927917
1.3394732607376798e-5,1.6804145059210993,2.1352089334243765
6.149701864369171e-6,0.6606018281328235,1.076685058668223
5.942123370928318e-6,0.7891009360635,1.197532091209506
5.7639855256186255e-6,0.5069057570944717,0.842301737803818
9.087933688632982e-6,1.2059105825361678,1.6726520045785553
1.4836379371507084e-5,2.0792734230638286,2.5388707572647444
5.954946802253829e-6,1.4144053693608463,1.6673798066562773
1.654317664523725e-5,1.558471195648159,2.0384003133374446
1.299251617939987e-5,1.54213475989806,1.8147146084544754
1.755669265114719e-5,2.0113298475131853,2.3246572075543064
1.0447673450683307e-5,1.1150867606158643,1.6434767756746052
1.4808677638654768e-5,1.5208249501265514,2.063865175050174
7.352621589857987e-6,1.4643961000078336,1.8789794383603258
3.425386954705222e-6,0.8657845613135533,1.3072253271464593
1.262894675344409e-5,1.5617365453654173,1.8318795003335342
1.0565327300953035e-5,1.8904831821658417,2.4946559997344218
5.688910498464786e-6,0.7076393388599391,1.3426087662820367
5.5986042184229345e-6,1.5376469576091565,2.1871713890946984
2.1102836490668577e-5,2.348643024441938,2.6161132688748125
1.4458084218044572e-5,1.661227730917041,1.9820708056055558
1.5799845918552107e-5,2.3053606823636743,2.693432468192029
8.892196095494003e-6,1.6449844101875803,2.1805895808443987
1.2189044754393321e-5,1.7271029679915495,2.0416412613061325
2.604500615546425e-5,2.1917392608922572,2.6167223874238146
2.2289651783698495e-5,2.907156976047965,3.893780280414541
1.4273699096200523e-5,2.4894130346962813,3.3355310905773767
1.7613930377912782e-5,2.2096697476800977,2.6531970656530666
2.8646427720178608e-5,2.4733915384619594,2.917796960252087
1.2190487611237661e-5,1.0696541483394013,1.487827479145688
3.083861589401654e-5,2.3051247515170656,2.9549320471887643
1.4148476533160731e-5,1.9275870520494092,2.2704939253958467
1.1607401454645512e-5,3.0580010783900353,3.849564813858148
1.2784577220654388e-5,1.7496360272588027,2.216848348618224
1.6167436351275902e-5,1.2372623190774918,2.0500433130367925
1.3735260675015095e-5,1.5856644551584977,2.2415459171628784
1.759370483565435e-5,2.1312862963841246,2.6766719586956533
2.453809116137267e-5,1.7773055971426004,2.1934789847257017
1.9606058405196212e-5,2.011392307339216,2.4864811744257747
9.91907736535281e-6,1.5787027526516084,1.8668533841407071
9.868186835102097e-6,1.1546393265011048,1.7135162577613625
1.7095022869676552e-5,1.7488455662419042,2.1271717300864634
1.1380279814560141e-5,1.4642578939094297,2.3043084814882775
1.130263643877899e-5,1.3486678043661153,1.6864531012266992
1.1079372648776017e-5,2.141926954127746,2.5780392315162217
1.3844220912877418e-5,1.4433857342186125,1.802764879997168
1.0283094509687367e-5,1.3577492203623178,1.7473567025250394
6.8694205177271545e-6,1.2299034795130028,1.589012364239484
8.130856858347197e-6,1.139053312512769,1.4140160049237798
6.611121669629661e-6,0.8384890013303058,1.3191394679467243
8.530426820585377e-6,0.9797905971209853,1.2806096096994453
1.3888555430940473e-5,1.5190563539226758,2.110482370368122
1.9826182507475058e-5,1.8774579813882022,2.4215369600998233
8.89176016656278e-6,1.5992402347886083,2.431410797121298
1.680595671611324e-5,1.7066608657452202,2.5793407795846317
1.1533631571421237e-5,1.9179831736640385,2.417158071492156
6.819678462421071e-6,1.239201444020073,1.6357170255365858
6.974666997283979e-6,1.6881963201443417,2.262261733420126
2.529662204395587e-5,2.6222612820837723,3.1499400011958523
2.479969006994522e-5,2.2030548977549587,2.6527707050308
1.4379518728820239e-5,1.697464373889554,2.386325313302587
1.4951364456890658e-5,1.8393872284622126,1.9815577337974668
2.179285899445272e-5,3.3232103243176425,4.367483656464303
1.2673393824871242e-5,1.6578251124103858,2.368606031355644
2.1259096510796473e-5,1.8664397756445132,2.3025592480788077
1.3132858310483052e-5,0.5108101869311878,1.4468507052305504
1.5304904519474438e-5,1.9380647288236401,2.15254227631977
1.6347762695646458e-5,2.0362538713577365,2.5753594030574343
1.996145876363607e-5,2.287473356966761,2.609728923363857
1.8968926450786068e-5,2.1028386204262324,2.63183081769855
1.4993648292240092e-5,1.693451359249003,2.315771676362414
2.101688138197145e-5,1.819083470857172,2.1735799382778516
5.128940171420492e-6,1.1414423751222251,1.7489160291047001
1.6693239053282453e-5,1.8595365297682573,2.2254830756912027
5.808695825529902e-6,0.2871507943649537,0.8765817254914617
1.60316490991794e-5,1.6001635954190863,2.012060980828269
7.376436923639596e-6,1.1018141372838934,1.6036089007604541
6.996968550464735e-6,1.1674788539154592,1.8762129330073487
1.6115435977564743e-5,1.2588967354097498,1.7412869233549062
3.374080001639463e-5,4.167433442012909,6.910208401329383
1.1413230925001366e-5,1.5732790357286883,2.228991282112011
1.3493676418070696e-5,1.4557885661206738,1.7618500232874086
8.000014106632122e-6,0.5903319990541256,0.9522597231995935
4.9077315756047116e-6,1.3092195159055737,1.830534114611268
3.132976085265975e-5,2.25086759553813,3.358250461758707
1.2385828630562e-5,1.524320031630225,2.3332521143442824
2.1897733362392634e-5,5.86333795478614,8.263421638966694
1.2911972500563849e-5,1.6707327161037449,2.0326713366613447
1.7031499577324336e-5,2.1303927355073204,2.7366655837622695
1.7495556819942908e-5,1.3022116457366741,1.734251702919671
7.718556504300207e-6,1.4250647137653227,1.7946456862372338
1.5113435638102292e-5,1.8211060935423893,2.8952096078296816
1.0665549138948562e-5,1.4754874088261978,1.7605490943212914
8.929087798010245e-6,1.6842367522045607,1.996298523295911
5.303747736426632e-6,1.4229133136679375,1.8750718286159211
1.1663724440968013e-005,1.143299567632131,1.612828400620969
2.684604960609527e-5,2.462739875417647,3.052280229088865
8.618618368773993e-6,1.5404549147626592,1.9928394349475815
2.0292920259835317e-5,1.8466584523405447,2.1370619378601883
1.3737967743429369e-5,1.7763597589367337,2.343144542162885
1.3103553741065154e-5,1.4481004457197826,2.114915525394734
1.2931349313838487e-5,0.99488291704906,2.9954388782206047
8.619970582609868e-6,1.2319386183856194,1.833216551108459
1.7596861194693715e-5,2.1215229809747576,2.493354525258326
1.2310787953329643e-5,1.2579285353073455,1.922520481558398
1.1138723065919233e-5,1.4998154237753747,1.787577917057411
1.639179397768407e-5,1.7742210856076055,2.549561600520378
1.375164459675146e-5,2.3680513066760094,3.166615932314081
7.172797376628452e-6,1.5909450996863796,2.2102673318179824
1.5329704939823663e-5,1.8721986319019697,2.2803347671070293
1.7960880597279958e-5,1.6961170728380954,2.069653418721744
1.3566654123081486e-5,1.3043169156615229,1.7010658680179496
1.1925723179176569e-5,1.3054679266632279,1.7469412781315832
6.870788602847995e-6,1.449140429460625,2.045197815024574
5.527135310479531e-6,1.0671642026548465,1.3486981997805927
1.2810575014850553e-5,2.0199483909785063,3.017554865149004
2.0923137174758412e-5,2.8681055541381415,3.811920881610544
1.303617015373958e-5,1.1508938083854545,2.6943990292811693
8.505063271724042e-6,1.7964984291420678,2.6575203071157842
1.6876522193415088e-5,2.745997599734133,3.375642402561896
2.0511631376284548e-6,0.8578059090091295,1.2823153044985465
1.4891276489066817e-5,1.4098469480517684,1.9210847537498976
2.1467410178115512e-5,1.8175681139665032,2.3047152596405893
3.822858258632475e-6,1.8037733288160385,3.0222377066255586
8.506146613146817e-6,0.8533317680301495,4.572384986202813
1.5436821464726803e-5,1.741132436700247,2.1205008071850107
1.0153701227243554e-5,1.4023022519099297,1.7574108113282931
1.1944089035186704e-5,1.26151172369373,1.4778712052349408
8.456849126125272e-6,1.2157381118818127,1.6721049172131546
1.9189144806391306e-5,1.984846481806991,2.4892524020090634
1.5899257602137268e-5,1.6993110572774075,2.0834971363073294
1.5229397347796189e-5,1.5380478923005985,2.048472202200479
8.45799996796048e-6,0.8607872867062836,1.2617510838548207
1.059593365797657e-5,1.7623538830449865,2.328401461946182
2.0676993566358405e-5,2.001667136031436,2.338057325674617
9.162666790854773e-6,1.0712689134292246,1.7854754584319021
1.690179961532694e-5,0.2737053003379065,1.4784172948276386
2.5098130941252693e-5,2.68250586583625,3.09781227665316
1.5151682591838891e-5,1.526696442262196,2.00489691874642
1.6525679602029402e-5,1.620055865774865,2.110477219040289
1.8949534950956407e-5,1.856092951306418,2.3080460262488276
1.4893313589981691e-5,2.1282264008898095,2.5054811904666874
2.6498739024514374e-6,0.9063772493736267,1.4168171464765238
1.3410757727291174e-5,0.8834433414835366,1.3831194351291678
1.6349076823359484e-5,2.033965658700237,2.8823908117645782
7.405192799953072e-6,1.0278838754800415,1.6218255589046415
2.050918290439371e-5,1.893598694770532,2.2352116517510052
1.0376238847462816e-5,1.5570642702378943,1.8517710228792323
2.379166526498462e-6,0.9527456364169076,1.3444530102011516
1.9934333912038776e-5,1.6877875935454882,2.0922348138319764
1.269709660922137e-5,1.8282662490400043,2.21243678343502
1.603493899704031e-5,1.9384094688976132,2.2298254985034216
1.9564195056502786e-6,0.6518482207325156,1.103999253558943
2.383244263395125e-5,2.4665366324108855,2.823405881433511
1.165671633297721e-5,1.2929495055503244,1.805323203841779
1.378293911184615e-5,1.9173151109566713,2.5977939838699227
9.156436623678273e-6,1.4846152439672051,1.9865696019166132
2.178559205739439e-5,1.7951374118509635,2.591942927188682
5.735128055930588e-6,0.9529566205951835,1.3532689035998207
1.4574823589965418e-5,2.045094149437165,2.694150334385677
8.29542313130059e-6,0.8673165968404194,1.5624938107252828
6.624976439015153e-6,0.9896321027343961,1.3625401339920666
1.3159961761594314e-5,1.6743800696813902,2.1349809932391235
2.048245750152315e-5,1.9712530002637463,2.502412135818357
9.455297729969508e-6,1.22253666000471,1.534834772674813
1.7979431023502692e-5,2.135704763442862,2.5080347700491457
2.1730096229344094e-5,2.4564875083695537,3.016206923161093
1.1277551888914963e-005,1.60800656517016,2.0610016158880122
7.560665151941456e-6,1.3315892739437938,1.7344101216405454
1.8692894974467555e-5,2.814284462224412,3.4288633362626446
5.825137122665889e-6,1.2075515098333196,1.5577675302379748
9.884180943963044e-6,1.0992091896790694,1.455202127671794
1.5721124072642166e-5,1.958407300443391,2.3512424506445875
1.9994901955077573e-5,1.9329537372726944,2.3820771779547094
1.7647637472188931e-6,0.5807443785798954,1.1601957151414304
9.473111261614855e-6,1.2673099773697918,1.6631621623387023
1.1353472160311958e-5,1.507025195250394,2.0317461412964892
6.430128682525757e-6,1.7667891373515374,2.0921125930629163
1.3146136224377514e-5,2.1566752450806024,2.9061207580682904
2.6467210941974353e-5,2.727425917533185,3.2155082526164462
4.115402314273658e-6,1.0694451724624074,1.594168483527891
3.293598828768388e-6,0.658849588842893,0.866887791975651
9.117281026004092e-6,1.695549089604854,2.2068890449174163
1.4372449318629799e-5,1.4366691015499993,1.9366525439695375
1.4030053604345141e-5,1.8795656382442096,2.1499392028948106
1.6962018742936613e-5,1.7936438429477843,2.1175986381130123
1.6435736601236452e-5,1.3572661024904835,1.7778901529022961
1.6454720693892485e-5,1.5790492162826915,2.06190967872036
1.0808019573611848e-5,1.1828993434160824,1.6867440748183158
1.38517401832725e-5,1.826639004667841,2.2391771649118724
1.5711160822206117e-5,1.9609190787419708,2.2913037993349024
1.4930385522580293e-5,1.2568674065334031,1.8383795338514126
1.0029201892269245e-5,1.371346026797998,1.6357175415211693
7.73344825487e-7,0.7707385959241089,1.7715305896086453
2.190788448654083e-5,1.9876224099496052,2.747384783788743
8.249658587266726e-6,1.2065585475510332,1.8768382356050752
9.470128103956199e-6,1.6189762839299235,2.209012640081663
1.3706979354130652e-5,1.6295754064869827,1.9206614162496365
1.691754216757837e-5,1.6268900049181967,2.1129521995006613
8.364440899378523e-6,1.4872841424145196,2.2466115131979256
1.4797789308161588e-5,1.6878088442882397,2.025057217028979
1.375737400745988e-5,1.7124793100078763,2.166902020925841
1.9206070142359483e-5,1.2783264271275552,1.8739582504554129
1.9362563418773535e-5,2.278981799495973,2.5643266937813523
8.503167285529567e-6,2.153294224667538,3.6481131131692144
6.159350745729893e-6,1.0363138915753838,1.403795570818908
1.0992122753902242e-5,1.8951762574154496,2.7891082826204787
6.884194594247788e-6,1.407561516622182,1.8040861277524762
1.6101614069455496e-5,1.7425719967291173,2.2691421032294414
1.6551380117734558e-5,2.1950960617845436,2.6369732463135938
1.7632038567282926e-5,2.004202502012643,2.265073366761862
1.2857977083927562e-5,1.5343460988527147,1.8321563970115347
5.228773893446537e-6,1.5079411192269288,2.186258372962875
4.193244243022168e-6,0.995482859559916,1.412008151287105
8.729556377471171e-6,0.7917681684120889,1.9342711876142942
1.0663008617079687e-5,1.204332158582928,1.5660795970048316
1.034104587456256e-5,1.6950010666550268,2.030820400013802
1.6502754388668052e-5,0.6913558882369149,1.330703001814709
1.6264079439627825e-5,2.0469072561874926,2.4100118240636252
3.9230908792851674e-6,1.0833603443857547,1.457144264140397
1.490202401157091e-5,1.4166027651450586,1.8093690960675954
1.4629126596991559e-5,1.6133512042430977,1.899711620000144
1.656337605492382e-5,2.372768602353097,2.8255596261888547
1.3316553377476118e-5,1.672581992449428,2.046767830297481
1.6909901039050694e-5,1.8696949488584709,2.2192878490337593
1.913554750487277e-5,2.0412731362650827,2.38209741961941
2.3728461729417142e-5,2.042280580784951,3.3829150744385603
2.039433396514665e-5,1.9576294750710055,2.58443611930605
1.4451398421038024e-5,1.3449929179911493,1.9392908548960306
1.214254691506564e-5,1.4770317598118603,1.8764568799710541
2.1105317817351807e-5,2.821614370085793,3.5476640280570044
1.2415816639864798e-5,1.6514832378412503,2.184313505154864
2.6668948776784496e-5,2.6936378738271802,3.3859018988535747
1.3750988530749476e-5,1.8447958664623028,2.330001261637948
7.107496201450445e-6,1.035886419057102,1.5568707071944496
8.197102860373307e-6,1.430482997733558,1.8047131680755493
1.575578542243243e-5,1.3750057226895205,1.8340558372600153
1.6476857294508078e-5,2.343004843978341,2.8064303056046587
2.6155533074782215e-5,3.2634243402124357,4.098725975348889
1.162883919479763e-5,1.5659168692532177,2.0659561762235774
8.745881781490671e-6,1.0458186314014206,1.615229006085426
1.3933511002411985e-5,1.6979804164458692,1.9409140415611534
4.121556836302379e-6,1.109762945540985,1.7422633902649651
1.5503907862096786e-5,1.9993863869394848,2.2618784490382087
7.284360908467236e-6,1.1317150434885241,1.5140493422493373
1.1647073283291904e-5,1.4849365768982783,1.9662949325407748
2.129349273276373e-5,2.0269234672933094,2.807699046141503
1.0888478957524118e-5,1.314981759869514,1.552459986905107
1.9320420935221488e-5,2.006468975708171,2.375074073054547
1.469214626321274e-5,0.6829411235449818,1.7377933086800343
1.682760524166637e-5,2.0251338339476894,2.440025055312056
1.1799804178624294e-5,1.5338473285162262,1.9289772328731336
1.6394989155984822e-5,1.9238944339543391,2.177493230304247
2.003505004156099e-5,2.1052098557273746,2.691128565992397
1.9905732431838158e-5,2.023687197988144,2.342013601496768
1.4958387057939917e-5,1.0530221923571812,1.992011663395778
1.437025892485545e-5,1.802842548982997,2.1494108587171237
1.3113251499709604e-5,1.5924837406843455,2.0376368700062497
2.878224150025798e-5,2.720162277222828,3.162676931072462
1.0871770053384862e-5,0.6505795618414953,1.1303559350055927
1.2422652703855845e-5,1.5903938870205672,2.0721318474542345
1.33922167903354e-5,1.6145070730835678,2.1607249876569723
2.0593231914765946e-5,2.1228956538635515,2.7030354959279257
1.1773975506964717e-5,2.0701975593170983,3.0737285654731057
3.0042044225043e-5,2.831401216027048,3.2257324524954667
1.5166299935749277e-5,2.0643280813394917,2.427840161413498
1.0741253751821026e-5,4.407113875953641,10.96832554141361
1.2624503463707066e-5,1.1634257701983177,1.8241406144226773
1.4383840315625356e-5,1.5553573956442626,1.8275785635779576
1.9205830603824998e-5,2.4014069199383083,2.843909266795006
1.5794370063128102e-5,1.694082573507235,2.1011522718107374
1.3521139984680916e-5,1.8972946602530896,2.384567233208165
2.1776982837842757e-5,1.9791105943575236,2.3423395874752653
1.5191186351425623e-5,1.5112974193783533,1.9127790994542684
1.292146397510235e-5,1.4414948813073774,2.170084335574175
3.758092185221339e-6,0.6288498037862468,1.2368438115739242
4.962823562998071e-7,0.8200934645062337,1.1825370962569426
1.3733394904754765e-5,1.8334025903881364,2.146436629969453
6.5678107745700264e-6,1.4274359081305419,1.926216747309637
1.4162607043286846e-5,1.6207106633102246,2.167415077478162
3.817406784193483e-6,1.1537597724819815,1.4950760697928436
1.9444495516782407e-5,1.9781286820693988,2.4155261280923552
2.464773428884189e-5,2.4301310171603228,3.150517859486401
2.008885282317908e-5,0.900399400860423,1.8490613874032498
1.2144729214793376e-5,1.3119834406339859,1.6567990470445848
1.3647564684232713e-5,1.3854425261309427,1.6851276965954953
1.7306062422579346e-5,2.3706971599569036,2.804966181702496
1.8867729339937654e-5,1.934904776760412,2.2564897473448777
3.061759533905078e-5,2.376148303748474,2.969374916877634
1.8152674060041668e-5,1.6722390894156602,2.0730273177770084
1.8955021069255665e-5,2.3668129813757535,2.849785663944144
2.4558071274807297e-6,0.61980204423146,1.3346974083200558
8.443663822984232e-6,1.3056136695779947,1.9692797546268015
5.472698358618194e-6,0.5855978554188983,1.2948813847439682
1.2244637139505345e-5,1.7074815538798434,2.0992258208360224
1.9426112230512075e-5,2.1627920062332273,2.630460502645607
8.666404567385131e-6,0.9897830447661643,1.562069162677421
8.87170971320503e-6,1.3319914258568677,1.6593552314564584
1.7704765517068245e-5,1.6316484692135667,2.018912129845831
1.5435865763813634e-5,2.7718849748015213,3.9734528449077304
9.367051180134551e-6,1.4266264066401162,1.825021180274743
1.255931147778684e-5,1.4723233101304938,1.7092103562595107
8.43264683879828e-6,1.492446736426479,1.9384352979982933
9.840858224423383e-6,1.043153633040761,1.4343108083630214
1.3481282338781468e-5,1.8678126638229104,2.361016647611558
2.1994756926789825e-5,1.9434762586706906,2.3194827680232906
1.3130956189175105e-5,1.4918243059158076,2.2629632438745078
5.4976950098870696e-006,1.3493287924940036,1.9343304282702882
7.21940217157885e-6,1.155638540091755,1.5204904702088993
1.6526736384176835e-5,3.4324736160491507,4.340155573095261
1.227837821694709e-5,0.8013858442809388,2.010933953954721
1.1384156286704776e-5,1.3320458622304951,1.8921030343008765
1.1495499158661029e-5,1.298466221782754,3.2479940504092077
2.208530485507266e-5,2.0821333267793216,2.5653429125624343
1.398509554446278e-5,1.7194894374789431,1.9877966332827253
1.8617652351238693e-5,1.9326199917020794,2.3285345970269846
1.8820219744300558e-5,1.720360778316561,2.182369441057667
1.7189171940226377e-5,0.5480552067699385,3.207152529030604
7.7536267297276e-6,1.3224033893065397,1.840119011265517
1.7575126440761358e-5,2.181300600651079,2.6512111347172302
1.547230343418379e-5,1.1171166109814894,5.803020672412492
1.3714304395130605e-5,1.435100310055293,1.7802483117283814
1.2181308741840405e-5,1.411277275850378,1.7247175524983784
1.665924772169634e-5,3.9842342340896626,6.18728760956774
1.6071686628111304e-5,1.9534557512288668,2.4610386273474907
1.6548239860468504e-5,2.6253341440967635,3.1752376309453068
1.3241757331893443e-5,2.0278652845319054,2.8795315202855907
1.1775985760092489e-5,1.478472602785096,1.9367283247773759
5.784470167760711e-6,0.9482382709555128,1.6828857940251043
9.815591052657607e-6,1.4502402920586166,1.9360662952554981
1.5575935462219195e-6,0.13289848193565068,0.9158723722097335
1.573755444878218e-5,1.3328631849731574,1.8786435496221148
7.203959440629279e-6,1.4955724857308654,1.7909933588281626
1.2631242872877075e-5,1.2692041225976138,1.6961081882971647
2.2936236914217687e-5,1.7567441132763755,3.371743867772558
6.185058214660798e-6,0.9642991032474484,1.5963544072793248
9.052620047097067e-6,1.235603555127343,1.611541366026456
1.5709136841341137e-5,1.1937795858834757,2.7440357126235844
1.936027425876861e-5,2.181785987818709,2.6048372356948875
2.0691404040781507e-5,2.9365421400913796,3.509946864262532
1.437906818282074e-5,1.7920112843263374,2.3121622180304153
7.99689142829491e-6,0.7480092171981219,1.0928865451836514
2.1656402086301758e-5,2.334047243203597,3.0326534422016933
2.6927271593222055e-5,2.5326153667755613,2.9659629572879354
2.2401899241228414e-5,2.883664143089494,3.2973453287614114
1.1226564998768053e-5,0.9716439180481085,2.61544363521867
6.08523248613527e-6,1.510198862318203,2.281121324358155
1.3292041292568976e-5,1.1925055756203171,1.9383739575508545
1.5580123914018406e-5,1.4980723995475842,2.0223872973355066
2.247893720158275e-5,1.8218288159527467,2.5877768960359693
5.543947936132302e-6,1.4501069772270672,1.9583399066969098
7.770336708540781e-6,1.7800108839063131,2.307374183384397
1.4527902003938311e-5,1.0195652752477589,1.5390692969285853
1.1551847964058391e-5,1.528459642961502,1.9218198801392283
1.1543815297681227e-5,1.543333421705949,1.825796852408844
9.090347771932176e-6,2.166468430456188,2.683008198813418
9.695058339042618e-6,1.8765993436002113,2.5041198697703138
8.034082391740748e-6,1.0766073159940057,1.358794811721865
1.2306222439415905e-5,1.3879835601203572,1.8661392426782644
1.234647226460859e-5,1.8766147124149328,2.178029090486437
1.2038694983037674e-5,1.2377316069994415,3.003911620617549
3.549867306976294e-7,0.6046427965373067,0.9455034234383801
1.864786712739233e-5,1.3223954244857534,1.8411933796766384
1.676268016702642e-5,2.0357744788542975,2.6404423090372777
1.6968046981327524e-5,2.112079028075879,2.563868440330197
2.105202235852164e-5,1.6294309408968066,2.0828703338114334
8.565323860622526e-6,1.8419752156844855,2.3587149237705543
2.636870013853566e-5,2.8876450101279905,3.3534835216792183
1.5301022220821765e-5,2.313512976284533,3.344100501738789
1.5121183865751576e-5,1.6291027428664493,1.8920071960476228
1.0595946071688236e-5,1.4313597003846505,1.635677133164921
2.4096080373872567e-5,2.590154275282522,2.968570939300084
1.0232286491244268e-5,2.226114767630364,2.8752227630197047
8.628173589341534e-6,1.0304115191837464,1.4349028469082634
1.3953617539011277e-5,1.774775446497363,2.5967550265892565
4.933669265333018e-6,1.0842162980542827,1.40058741128863
1.2016278744329235e-5,1.1062442657532963,1.6236894689338448
1.2948082094857244e-5,1.3843786815613146,1.770248044317389
1.9774623542199222e-5,2.0517341574515156,2.7447597735116407
1.7710496516881468e-5,2.3215764818301814,2.7401185094767526
1.0056929802149965e-5,1.625396530026292,2.083863324717361
2.013928702072095e-5,1.856907191907929,2.32528701278417
5.038302347941734e-6,1.0066443100014126,1.2977745156605338
2.2183889628045585e-5,2.2923639198677015,2.8706366278918387
1.522429395649741e-5,2.0238447132451953,2.623934968551486
1.2621382658655525e-5,1.6771163313389703,1.9805218601919519
2.135400157863668e-5,2.185223107134433,2.8369533869046375
6.312338077170428e-6,1.4313800553955354,1.9944201053705095
9.705188030163826e-6,1.0812126507497777,1.4175396607694262
1.2516089742516454e-5,1.4084505619566892,1.7533202451397403
7.2784222818616835e-6,1.436123755757032,2.0394930303213896
1.0617027473087714e-5,1.8976845556503408,2.1279554576154824
1.4621306576886896e-5,1.8579979771118702,2.101416343417121
1.5166299118896986e-5,1.7660982568871644,2.1286029981779353
1.103008181210904e-5,1.121391576877381,1.6903074317470392
1.4142671114649963e-5,1.857624164929767,2.213062568596949
1.6195343923412458e-5,2.8831183502492106,3.491653805057349
8.042386337975209e-6,0.6865607830663202,1.2058685402456213
2.118552290881296e-6,1.0846012372785172,1.3314598898262324
1.3975993846020508e-5,1.4789786593664342,1.9461094253952849
2.438101386875661e-5,2.535347020441749,3.091850276879263
1.3403216342815672e-5,1.4830784539718358,1.9756395178284931
1.8070210216185193e-5,1.8447338956604244,2.7695274257574596
1.144262108796566e-5,1.4278927116227478,1.7787124745506513
8.866318788253502e-6,1.5510379968284769,2.2722610950030786
1.5668537499098696e-5,2.0372280477334286,2.5025373088802434
1.0655284144279595e-5,1.3687764121141779,1.7727452316398384
8.740535510359114e-6,1.718790337852029,2.163495056448717
2.018971290084125e-5,2.325646852102929,2.92663065468182
2.1532721894704665e-5,2.27302001905886,2.543990902876081
1.3723589982192877e-5,1.7258850727763138,2.3136495449695316
1.6190565218219348e-5,0.9724791847806982,1.7726230051204852
1.2216398120251761e-5,1.9064130592660382,2.897048680544486
1.1476063255734868e-5,1.2243062598946035,1.7116437459902762
1.7808182848978484e-5,1.998435444052122,2.574853614753608
2.0787755958714893e-5,1.7458114303993797,2.4573135010085476
1.3033361325058383e-5,1.5815636355160483,1.8891564404849581
1.7094300112324795e-5,1.539537766545172,2.255243658173878
1.4416528191452353e-5,1.2567789359238506,2.038641478610316
1.2252401085526247e-5,1.7821756511870828,2.32544422962128
8.758646356009657e-6,2.583206053728149,3.4772841854801304
7.090130502206501e-6,0.8933754113114002,1.3546425135099258
3.3441933090675507e-6,0.688418548882795,1.0147069359585568
2.0950926864301087e-5,1.7023900268597958,2.0892910071688817
9.567665581411283e-7,1.2331010168546799,1.7841477460031434
7.76555115634035e-6,1.7775135375430793,3.1023288360510226
1.2615467137597834e-5,1.8980658595767896,2.130719670867818
1.6724459547416455e-5,2.268750530547511,2.6089205843008467
1.853007333845976e-5,1.84047119803554,2.3760939076589005
2.1585626362199044e-5,2.3711707688790593,2.8234024600106213
1.3268630810335728e-5,1.7424028854693143,2.1410472863222783
1.6795387814852237e-5,2.044125396828488,2.537221544629253
5.8486194192945214e-6,0.8252556963227937,1.2632424279655075
1.1187837239423112e-5,1.9073807907304627,2.3312774196199566
1.1296940173220102e-5,1.8717305941178817,3.0743967000891397
1.521628879622978e-5,2.080679672524824,2.6149025393279954
2.0502929482202354e-5,2.022437226874586,2.5431972286682805
2.3216567446679898e-5,1.9749583049992405,2.5067442376831934
1.5734675013990787e-5,1.429145232606518,1.6647581203911557
1.1348478107924084e-5,1.3774902638729585,1.7880800959867709
1.860541699860675e-5,2.2471652567574427,2.6293243760171396
1.7926042847474698e-5,1.6800342451941215,2.1456914833600864
8.224326522890838e-6,1.4929891694116768,1.7740095581167017
1.4654312107107718e-5,0.6390039612164018,1.4587798327714698
1.446293611902436e-5,2.755909695095875,4.720339063983946
1.4468513049079341e-5,1.3457709978613437,1.6525299524274852
2.5134587227213165e-5,3.52479579846978,4.5415052754491985
1.4507879960907631e-5,1.4963898695827809,1.7977328947100828
2.245833699750111e-5,2.183864428117049,3.3357839872724773
2.2024611481706684e-5,2.076008208162561,2.4403139281583544
1.3241884630477232e-5,0.990050892789085,1.4300368974434394
1.227354369637396e-5,1.9145003734773962,2.457990703981152
2.2284785160008985e-5,2.1838994018384565,2.6045098283427577
2.0018878247673456e-5,2.3482245862801587,2.831395527868673
1.228216435070709e-5,1.68370067683338,2.2722540786543997
2.2770799110440827e-5,2.4048658265910983,2.7961260718330117
1.5137080521381474e-5,1.503775669063131,1.7443392570771443
7.932941114968179e-6,1.3880367742582265,1.7723021518393274
1.887559791713161e-6,0.9633032800179834,1.3779732422708035
1.5270593576412568e-5,1.1690715496222526,1.9845451624664374
1.8679936929450577e-5,1.9802457447065145,2.325736984397268
2.0718117197118154e-5,2.6920963508411364,4.640117998326821
1.809549721299265e-5,2.2202853746965214,2.7710359950069483
1.0025046750485615e-5,1.326407884885032,1.6420798032067494
2.2601028307930828e-5,2.108049963826133,2.734910430769447
1.7235751121209427e-5,1.5104786695444194,1.9055007966237028
2.209525486848665e-5,2.0875287483555325,2.595135624277125
8.691037097083022e-6,1.3440601694188974,2.1811824997187865
1.2668993589066117e-5,1.917638125383245,2.7368148930630487
1.2884174283264147e-5,1.7239833345273834,2.199062163713609
1.5361277258181082e-5,1.8802266184727836,2.3060251171587214
1.493753809344568e-5,1.9735516953924466,2.6473087562039788
2.1152615613078414e-5,2.239781280668188,2.5929703904506547
1.3711496233724364e-5,1.4546592090836958,2.040498380942429
1.578600077071314e-5,2.0208724447767934,2.9042211725309865
9.018393232189092e-6,1.2648175817474954,1.6451698803395831
1.4321618568893261e-5,1.7383205763919827,2.1576122060287783
5.776374608817055e-6,0.8488041737245507,1.108637612644627
8.85392686816124e-6,1.7070036649876004,2.3343316273340853
2.1994951729936366e-5,1.9811303703029397,2.576714037321051
8.38199995307536e-6,1.0792189379227235,1.828902930169714
2.3371751457430515e-5,2.5929591914464423,2.875055756228073
2.0824542197700365e-5,2.1417840724825834,2.484119814661488
1.9767341576089315e-5,2.2457181687743573,3.000422533756838
1.944496174669065e-5,2.364114169055752,2.673609043561475
1.3372422922866809e-5,2.3345069811634653,5.544954171620912
2.1039050899100327e-5,2.335244814994115,2.852833759351985
1.2543090868783159e-5,1.2753745859492183,1.725012551317983
2.0746262705928894e-5,2.094153652125191,2.391223864237239
1.486387735597147e-5,1.7607884592195506,2.0227325199336494
8.214051764092995e-6,1.759242706157593,2.308115582406879
2.6169475182395222e-5,2.298779258955346,2.987822324048823
1.5931955375779895e-6,0.45761387645372575,1.091833951181919
3.4090448691108757e-6,1.2051514335226134,1.9441703393106202
1.3426830301920192e-5,1.2477643387953163,1.4948220650883166
1.1167904812637565e-5,1.3987443467732585,1.6651313872629263
1.7414404640174916e-5,1.7973138261672024,2.1065534151041754
1.577016305356668e-5,1.9796252898544662,2.343157328877526
9.736211810008782e-6,1.481958312138001,1.8598472764195546
2.2911820869946697e-5,2.0992797721719176,2.632207330414555
1.20138173702122e-5,1.3005935379127749,1.7778349992752516
1.2104830041477081e-5,1.8116971066087424,3.121683325249564
1.1084213984745258e-5,2.0510420650658836,2.4688810727386747
1.6599488600695305e-5,1.7501207698558878,2.1214603533058223
1.938031866328435e-5,1.9048219370358996,2.260843404786152
3.7686967173018265e-6,1.0345621106008325,1.3842811776118595
8.846131174497648e-6,1.1113927978577902,1.46179658581342
6.794460127785125e-6,0.6162741261227973,1.1485894434079778
1.8344278449298083e-5,1.6461542740854758,1.921906057888501
2.703464411866169e-5,2.367766075466525,2.6797477206675366
1.8889811029605506e-5,1.464919240328976,1.9508158111019518
8.931581046613625e-6,1.3688990377030361,1.8101382797865724
1.3188291442593847e-5,1.494878569523602,1.8053341185963938
6.332188335298506e-6,1.4186856147790148,2.326074266465511
1.694654763926002e-5,2.022298452568972,2.4808433249884296
5.134127786520122e-6,1.2638073564013554,1.8456325253207635
1.4356018706228555e-5,1.9107402424628543,2.341731110141666
5.327404920700521e-6,1.0896996283918674,1.5875458647323684
8.631061494805832e-6,1.400497712399869,1.7718030647946768
1.4938719473224358e-5,1.6363707181009253,2.0669234216334473
1.1246995588629825e-5,0.9962890098287157,2.2718535858704163
1.2125159661280802e-5,1.633416787498294,2.148343697214012
1.3635495281297248e-5,0.7180033004694601,3.2475550663933355
1.1354852303384897e-5,1.4771854491533416,1.7594384074099687
1.947908470804467e-5,2.4254805979788294,2.7519082334619465
1.0304370690879466e-5,1.358115887643583,1.6451644748794791
1.4794503289765235e-5,1.6367775498591892,2.791687499297288
1.1746274136911704e-5,1.2003171677751037,1.4649761115070439
2.534587282537135e-5,1.9744711966448574,2.6245792800259773
2.22404179114302e-5,2.390590767256257,3.1608102907898923
1.2664866523679438e-5,1.5706075643967432,2.1143987107485094
2.1166814188035846e-5,2.478585596818979,2.7641890808817946
9.929310460868801e-6,1.399220468870635,2.0659677432409858
3.129859996489135e-6,1.0838064990879273,1.4918238159283852
1.961761631564758e-5,2.2082455061748476,2.887710084617145
1.2482433452327145e-5,0.9276793929717088,1.57384454896015
1.698006793710941e-5,1.7637614475554924,2.021613915181019
1.4529409221367026e-5,1.9138853839781966,2.853808603707913
1.1486583864144219e-5,2.145512653173178,3.767448205098198
2.465364778480127e-5,1.6612667733278168,1.9726460840065925
1.080401954232127e-5,1.2305115653203633,1.597642381290535
1.8989212482610924e-5,1.4441881636940184,2.126919486524037
1.863190964838753e-5,2.1444727816218494,2.675761474196552
8.77642252758188e-6,1.6092982073860325,2.049969417890163
1.608285271644481e-5,2.0253622665740316,2.6078924965426404
1.8464585783766893e-5,2.129663980391929,3.4712613878682204
1.5512884662170437e-5,1.6695654158720552,2.1949378174941203
3.725881346971419e-6,0.79150879319535306,1.2132055549971301
1.3592211028260075e-5,1.3514259878475112,1.6855908194575882
1.4656605582261104e-5,1.9201606516187566,2.325341709242164
1.7647715104010328e-5,1.5933477408037753,2.196079369684946
1.0186127606417224e-5,1.3431735620780083,1.7107090504322662
1.1330488636964514e-5,3.77274467297579,7.912498234592887
5.971335953939461e-6,0.8999189216762215,1.5158541867212667
2.2308454590981056e-5,2.6704013940488442,3.0795609989116293
1.777367306710301e-5,1.3426715596444927,2.4439670847251795
2.152743045426342e-5,1.7033574407329595,2.211509207943143
9.081277597821327e-8,0.9367824952274744,1.331888898723018
2.399852087713003e-5,1.9427145025659354,2.33750751142611
1.668949649056193e-5,1.9205497218651122,2.2615130709868634
1.382072119295776e-5,1.6689606692386498,2.3215427317066673
1.2330397486202146e-5,1.5374918365514838,1.8035215292288553
1.2818488292149199e-5,1.4374056789245848,1.9291341167805531
2.0115946532483194e-5,2.3215013375376925,3.03736105523485
2.330641603589839e-5,2.043299723257212,2.7800302804904393
1.1401225060043274e-5,1.814501234932304,2.0460897739101593
9.718888483557537e-6,0.9405543794630027,1.5068551056210566
1.1097526362425648e-5,1.2673548833591768,1.6113155680615676
1.4211842823224626e-5,1.9323824065039914,5.931567416854803
2.6080149614893163e-6,0.41321226496770613,1.3165177213081383
7.247190567667502e-6,1.0699678176319096,1.4957517884712566
4.707152525486547e-6,0.9625902640365211,1.4068589621813756
1.2772358333959631e-5,1.628485274626391,1.9316545064221806
4.462970935065944e-6,0.995917866426125,2.3788573793990206
1.068427389764726e-5,1.5906974316369367,1.9637610705254789
1.35207236720817e-5,1.249491812122345,1.5259699228676977
7.516671044358034e-6,1.68424921458803,2.1129899617611514
1.423753603394458e-5,1.976150881895403,2.684529819579233
1.231423792559575e-5,1.1349548676374728,1.6452765157667155
1.3009094700014066e-5,1.7383964554698341,2.239115519530103
1.229460159164945e-5,1.7161396959265418,2.0083960142692727
1.954000617401583e-5,2.2067810415239384,2.6559802092817546
1.3108228647959714e-5,1.270636752136444,1.6030406428837516
1.6868499616024013e-5,1.638727212712982,1.9066413983968338
1.7974390074639498e-5,1.3378787422453682,1.7841774724582922
1.5809240669161633e-5,1.7301780011607035,2.3446892532132413
9.442624294547741e-6,1.3011910929357497,1.7553254339888222
7.963678916417329e-6,1.128866114255041,1.5494363915619136
7.156042915458876e-6,1.8822057868816886,2.1959618018483833
1.9388066927033578e-5,1.9788231786802963,2.2538893801687743
2.041789733354196e-6,0.7506661516827238,1.0748540504477873
5.939595254834732e-6,1.3207520358542233,1.7328586687412892
1.574644441548895e-5,1.5183717750501347,1.858276700437031
1.9467747282639423e-5,1.6622413001444232,2.12954876858654
4.559444445563289e-6,1.3412871478077166,1.7270178425563714
2.1480258932406343e-5,2.5711111462741463,2.8702805384575085
1.8566252621138592e-5,1.053889672400208,1.5797255783700166
9.110638435137536e-6,1.9439780252558096,2.5564806623958582
1.9010753084632878e-5,1.70493547129929,2.06716299246539
1.4045278652244557e-5,1.774570554385034,2.2758647490742208
1.582271977563947e-5,1.724531121864902,2.21515648084344
9.015492651298121e-6,1.3602540636987888,1.6771707645214957
1.4900920736812178e-5,3.1219664996145178,4.095566793401717
9.191373259006434e-6,0.7201044535213311,1.0780994079496111
1.081588824764586e-5,1.6163394608440418,2.078908731953687
1.6126087123488163e-5,1.8583882616975607,2.4053701755356176
1.1492710717084063e-5,1.600227677561879,1.9778271526482694
1.3022464610921772e-5,1.188456618380763,1.850066016632566
1.8788142010303934e-5,2.0980543003660053,2.570886174940489
9.482585426225978e-6,1.5824858789501857,1.9244372315383027
1.451796502443029e-5,1.8014758698567894,2.1357239042576994
2.177289550810469e-5,2.0189373112831457,2.5444372073640307
1.1186012043118485e-5,2.3039032368558043,2.9761082386907507
8.835212486583104e-6,1.5043046065644017,2.121369943504588
1.4705486650923287e-6,1.4517883964875375,2.2443346978242458
1.524144486348358e-5,1.5377389458915685,1.9443046157177541
1.2344786189633591e-5,1.5182632297615068,1.9434684197332741
1.6609006619958182e-5,1.9021408692044643,2.2967229157807116
1.1707771562820124e-5,1.6216560756390757,2.30689610188879
1.611219755352723e-5,2.0355244143872735,2.771728671995003
1.4476692135082502e-5,1.4474097299614108,1.7936549991346435
1.7698057032386645e-5,2.0627174915469357,2.4238210936919264
1.4336080531949905e-5,1.7527805827913614,2.3317826709818266
1.5228446821546899e-5,1.560872525234887,1.9191045642332063
1.5661933928782296e-5,1.5421718342094344,2.019718222303831
2.0233202009809953e-5,2.6167481527795884,3.326697227684809
5.381226734095472e-6,1.5731594769566002,2.018114155702439
8.638071360999159e-6,1.2081858890279857,1.5008452080961372
9.191851249374655e-6,1.571198333338793,1.8544284219514453
1.1868144301308037e-5,1.0651956494316546,1.446970721475841
6.07553986908936e-6,0.8230445532715575,1.363249077500475
1.6877548186260438e-5,1.6697320943098999,2.31654843491375
8.749404372724022e-6,1.629560783134272,2.272275396887337
1.6759700884974932e-5,1.5414519038093975,2.1790502477331453
2.0025139112626213e-5,2.2359559563801437,2.5217657568293452
1.3325601350791774e-5,1.6013825983370573,1.8585402816658583
9.79995252681261e-6,1.3488046962135476,1.6408952758426247
2.5477916570718997e-6,0.9089750628015992,1.249586674743336
1.0143807916610636e-5,1.3803146604757306,1.6168134309220115
1.577515814660764e-5,1.9804550966752383,2.3810779166876426
1.7415760379664844e-005,2.0121234840268394,2.37014797933542
9.746688303723768e-6,1.5301467704328822,2.479193773725891
1.421445900121343e-5,1.3944250543842922,1.7856147730712313
1.4284879307157344e-5,1.165870852128083,1.6705774774394468
6.858083263150016e-6,1.0016989449963407,1.3469883188127962
2.2436646924527328e-5,1.5300303520889487,1.9770026367203335
1.778898542438354e-5,0.21402325597874017,5.078488756749246
9.683090679967762e-6,1.2898503562076524,1.7529822647879587
1.672467559273912e-5,1.9287728347927393,2.2876220040033948
1.7044243043380887e-5,1.3348276167785098,1.6938148448918264
1.4446624609014723e-5,1.731572273836859,2.1476511348953657
1.629293990550896e-5,1.538860619436039,2.0392806111600175
1.4947043470147056e-5,2.257569625804045,2.8037896304073398
1.8765978014721622e-5,1.974504917542232,2.515144851854598
7.92972296216293e-6,0.6983723583055346,1.215503383528282
8.94260780839077e-6,1.51002576223862,1.9827873120117154
1.700950027749942e-5,1.8823019106098018,2.8064942044201766
5.467580560858145e-6,0.8860983268094785,1.4830168190442632
1.4175860382903756e-5,1.4629519877755657,2.207249145934304
1.915578584601768e-5,2.2781644211990253,2.84834194335303
1.5027811717810589e-5,1.5219182416924437,1.845876019466072
1.982306413830905e-5,2.3462281557831064,2.967777857495756
1.953418505237806e-5,1.8357719456931274,2.357411965193136
1.0534081590144937e-5,1.4822801449985188,2.190282310586894
2.3723116736653547e-5,2.2789494514340154,3.274156891457493
1.8311746108500565e-5,2.223157537602407,2.9258286471944213
1.0540124694518958e-5,2.002935732716322,2.6034443297872847
1.7682517731946766e-5,1.9534135328308717,2.5013711225171207
1.266868616941393e-5,1.5036274313224955,2.0951656032998436
2.39962917971081e-5,2.180419395706174,2.8368460788887373
1.4640187841292265e-5,1.4246589851393536,1.8676075366806368
1.4278238007202991e-5,1.867155569792582,2.3154106606672817
2.1060554158764542e-5,1.9180226415867594,2.4488748563752623
2.833495806796481e-5,1.8735906439869654,3.0145899086946395
7.880504050429558e-6,1.5107038948065934,1.905817601806686
1.9854911883059334e-5,2.080404579854522,2.3832783435565146
1.0867059175924533e-5,1.2123801341346834,1.62724953513555
1.2782859932666867e-5,1.6152277107407278,1.9087749743959237
6.949273748239613e-6,0.8287537176529864,1.454561596878862
1.660841651523131e-5,1.9301866924708992,2.3157046736294644
1.6083368854582323e-5,1.5699820564650322,1.9053433320957311
1.9947660571722133e-5,2.014719092324115,2.451127843848349
2.0754993947321663e-5,1.8420002656761985,2.95920035761706
2.032511965797255e-5,2.555125053741687,3.4517303063854508
1.1309409470021817e-5,1.9506590889871274,2.4073187228132755
9.662446705913721e-6,1.455237861372345,1.9973725604755854
2.0504212282287508e-5,2.242283038264116,3.4002321120638097
1.5257316363524773e-5,1.228919050236373,1.6537259818059546
9.24221670296659e-6,1.2613997701482091,1.7865065706874674
7.29672333353323e-6,1.528668764499898,2.2590565758975587
1.7133234203014523e-5,1.7174886101373086,2.099905067546217
1.0010133131425152e-5,1.0088955990943083,1.437692839424023
9.32911946981262e-6,2.548337407911037,3.841151565354336
1.3765183726652144e-5,1.29681494550882,2.0698669337918405
6.557617852688559e-6,0.9241854482350417,1.3733566412596705
2.107007196093382e-5,1.517388048633854,1.9802439417883027
9.449965902876017e-6,0.3759926575213248,0.9827519209207999
1.3882416973420629e-5,1.8100829031491692,2.272240180250799
2.7201899474154983e-6,1.1316763336818043,1.576626220010247
2.142063010407538e-6,0.9903185017687495,1.4004126991443053
8.023308750108062e-6,1.1912834341139238,1.855684538094763
1.2779982728191098e-5,1.52773204273086,1.920670715243975
1.0278140528332815e-5,1.777578081371599,2.1808734975965347
5.642664467819936e-6,0.744185149365995,1.2475573764250893
1.8938179046972937e-5,1.451269555603648,2.2652445600963707
1.1187357800844523e-5,1.8391886411109792,2.2858208949586896
1.787894554585681e-5,1.4383187761429053,1.9771278347682164
1.50147268984712e-5,1.834531374342199,2.336797070213358
1.607078418493725e-5,1.5878682780261786,1.8163852375399856
1.755828632217476e-5,1.657641758222959,2.0404722487990723
1.7794717507854417e-5,2.063174815386957,2.698672634793115
1.4971685299005073e-5,1.531993512103318,2.0065921825264548
1.709187206677041e-5,1.9129231630499413,2.3228334486322755
1.6089545735510095e-5,2.234041430461881,3.1627061135517196
1.0617189406929944e-5,1.5545006565236343,1.83736501270795
1.623527500013791e-5,1.6934797223662905,2.249551550643243
1.6718915804548835e-5,1.8655577815402633,2.1942167745165975
1.0335541148880942e-5,1.4667723969453819,2.045009734482317
1.587055196935777e-5,1.64238385672539,2.1369656658512928
1.8001520248612774e-5,1.8729938375582473,2.3254908630952786
2.0784286547274064e-5,1.7819051929318397,2.2266399865784465
2.4974268874514675e-5,2.644673092221371,3.0934617820009076
1.2980975118948134e-5,1.6660847956285072,2.1371878196000234
1.5945870058178292e-5,1.5942241522992404,2.7970328338694292
1.4587289157159687e-5,1.5870807602264254,1.8033814382414421
1.1250684894346795e-5,2.3140369948895705,2.8163795187550202
1.8999085750371927e-5,2.3641257514510063,2.763766420053565
1.2821691935389995e-5,1.5336907974114071,2.0231712540747053
6.138070330442233e-6,2.0177109697505315,2.9567206292294133
1.9848615659686724e-005,1.4997178696327569,2.4256666188131906
1.0318935555903979e-5,1.3836746106826925,1.748523174849891
1.8525013716280403e-5,1.7519814015239594,2.1608031336174154
1.3686877697133565e-5,1.4479816430889294,2.0109146420268247
1.1209401858152678e-5,0.955564164659351,1.4951468666133454
9.785676718291222e-6,1.794090929831184,2.110942926010739
2.2455731540808504e-5,2.239460915065639,2.8094488559774975
1.3757248239486276e-5,2.086523026773028,2.6562452027242984
2.443388044412434e-5,1.3922626712299535,1.8445268702497954
7.214997606269559e-6,1.1849933917161268,1.5311385275669909
1.4486200264226206e-5,1.9991081031016489,2.3736498939057986
1.3421323525221433e-5,1.0897173465400936,1.6195809978808637
1.6374153133518757e-5,2.066164958721632,2.3668804121345337
1.9809872870721276e-5,2.1567377820418234,2.3889841259870077
1.3868878504214068e-5,1.5325540861735603,2.1623381191213156
1.3451525723263095e-5,1.874471182526245,2.2400725252903766
1.413368748273703e-5,1.9032726467976941,2.464696265028524
1.0830993293067056e-5,1.640017756463573,1.9857417123641574
2.0383007472351762e-5,2.2282396794912263,2.759025135235395
1.8338758316169464e-5,2.164580712901806,2.725211725324839
1.8854643081362212e-5,2.1462724188413778,2.5984609112478756
5.321196164442965e-6,0.5274464351188537,1.634881889530645
1.7340727273099084e-5,1.4784798344227448,1.9177975196811958
1.215481184925478e-5,1.2655953283344032,1.7495474650198195
2.6647457136950276e-8,0.43258380099725957,0.7700276863353945
1.8713115202253612e-5,2.037061916684223,2.443736362622457
2.1660839101739016e-5,2.8342049182593967,3.3782835568166485
8.555514691038235e-6,1.2374867045684645,1.4938134726453376
1.7173106451410325e-5,1.365621818519526,1.7536973406449363
2.0765192823535268e-5,1.9921102022917754,2.5131577034041945
1.1102030369946656e-5,1.6259138308491667,2.2014823966010177
1.9394264718626666e-5,2.2231847521805603,2.6919528739087584
1.3753602589613582e-5,1.8622625097584424,2.20477273540739
1.6804943676018852e-5,1.971592265918383,2.4143590542323015
2.056884327567606e-5,2.7227765899863217,3.2412914702812676
1.092110758549399e-5,1.3834863714145251,1.7417046857177045
1.2725538645981294e-5,1.8589522833132914,2.3683551573559702
1.697834257280444e-5,1.7561291644541805,2.0835043974011644
2.384158812898788e-5,3.885018167846212,5.100607056587718
1.1345319663298152e-5,1.5867999275829163,2.089989443971609
5.584688056762797e-6,0.8287196941813761,1.717659780109269
7.888629176898766e-6,1.2437320327948784,1.5536712812833455
2.4780315213302363e-5,2.367476592922284,2.9716243317670834
1.3283121259846717e-5,1.6955131183923693,2.132743366404521
6.528064636031859e-6,0.8293392457415457,1.1684156492296767
7.375542346064999e-6,1.4757940556385076,1.8762821293788818
1.2427153529010765e-5,1.482467013955764,1.7699505081037994
1.6877974513300352e-5,1.9021350559805767,2.348800524406499
1.2850122550506434e-5,1.4403369596329598,2.053105534465995
2.0607865823440092e-5,2.2150376156748925,2.711132869805961
2.99981002822005e-6,1.1656531321633565,1.6089046712717694
5.008423818423458e-6,1.5536056118638317,2.1695452612411907
1.4164295422901e-5,1.5709848341846997,2.831772507697151
6.628860767451136e-6,1.127803890395601,1.6632272457521893
7.329327024368758e-6,1.0375436338612465,1.541263977484899
1.8813216346018738e-5,1.6566647973971496,2.226702847068017
1.904415454523447e-5,2.244034460988231,2.775287566315992
1.573521958152273e-5,1.8008819012897155,2.7995417659766755
1.3410211945427663e-5,1.5429606131858404,2.5024409654292463
9.458640751127592e-6,1.5823460311055555,1.8438178303450365
1.4027840521779349e-5,1.7222544040446346,2.2017446298515133
8.113709617576233e-6,1.444101385948801,2.020339255111711
1.0844828650663502e-5,1.70808684906315,2.0777447573804055
4.490785806934197e-6,1.0982125596872008,1.591964261641312
1.472711229631095e-5,1.8004442105686898,2.3897788196120624
9.48597286311543e-6,1.1225115293665162,1.4921877434584587
1.4279209635205876e-5,1.5563308788431012,2.5994802956481546
6.484714956099196e-6,0.9019793097937847,1.215250831051393
1.1891027661511958e-5,1.6030990415574868,1.8858872276294136
9.262111601643094e-6,1.7540273966454016,2.0996392912433857
1.0303730425794206e-5,1.5855567925009577,2.000600511087057
9.016329337746456e-6,1.4209107357582522,1.7854251680811677
1.5636663801915938e-5,1.5569103386971033,2.0851045256285117
6.405286988481108e-6,1.2724064612321295,1.6263037867661425
1.6301039023850383e-5,2.0236807376537636,2.475104775879589
1.963963663666247e-5,2.408863224866689,2.7268257675566607
1.757565663856922e-5,2.034266684576552,2.660157674329821
1.5667314860644197e-5,1.7229318416370392,2.25462563000214
1.6535164632149086e-5,2.102317034196938,2.8452404382404355
1.041773467231225e-5,0.6563175607582951,1.1464243997477723
1.3233349920911639e-5,1.6032227827378422,1.9853847229760182
1.0704746330139685e-5,0.9455718011921719,1.5759465718033532
1.079995366146649e-5,1.3002654619228031,1.7304429967999417
2.0067414805450096e-5,2.282623667527148,2.675256867099714
1.8506474519793025e-5,1.6821208792511546,2.6977457718839863
1.274798769228629e-5,1.7309263118058211,2.159322336944494
1.990123922313357e-5,1.939473845552712,2.3075798212373697
1.289610340412325e-5,1.679958620886775,2.1465135671913704
1.2306054035587091e-5,1.4820019969958569,2.1193060694899
9.184252298502859e-6,1.191033667899408,1.528641253339627
1.789696658520864e-5,1.7085776821703476,2.139622901975614
2.1350966102733658e-5,2.099557898640247,2.6546037261581006
2.3371952693388016e-5,1.9886934421799252,4.429837978492908
1.5694389163144163e-5,1.7400875666151128,2.3166059257904843
1.4518787100203229e-5,1.7933509290542002,2.2178004293825913
1.363670181763211e-5,2.004375574750319,2.5584382787551996
8.718468354214342e-6,1.8010968466270847,2.2412831424594573
1.0485682420178958e-5,1.557610846764493,1.947251037645303
1.68031903957895e-5,1.9217689592785634,2.2242058044389954
9.490518089097e-6,1.7301031484510827,2.268291909064907
1.5170142407691266e-5,1.8145360011730236,2.1491057352077685
1.2682024866453799e-5,1.6623557094875105,1.845302401694907
2.13882463541903e-5,2.3235761933571073,2.744004547258721
8.717684297043925e-6,1.109571424694443,1.4101366844556587
6.849116906566735e-6,1.572882059232735,2.5161240716143842
1.0389911256179576e-5,1.603823375397315,1.96111780194419
5.583743958443571e-6,1.6873407919065013,2.0457306468405783
4.17739109872099e-6,0.8025231641435733,1.1193519785445476
1.4546452483198233e-5,1.709275630116434,2.021750166608184
1.8224550410620544e-5,1.9226215673292133,2.3425024555980887
2.0195580175015664e-5,2.2094222341698213,2.6289990504239915
1.84495241752653e-5,1.802334502043713,2.2281001313841595
2.7062700163537015e-5,2.856074716250868,3.3679830545522993
1.780417829678199e-5,2.1946495676221063,2.7448049672599275
1.5732209986019375e-5,1.6813809538090931,2.013047912755005
1.7191740014171403e-5,1.7410654141691497,2.2230339618825847
1.1204995238089576e-5,2.1469640023143137,2.643931866063139
1.3649973731468667e-5,1.7493969235815177,2.258406812411237
1.129928308432025e-5,1.4890867800616494,1.8783200941894187
1.640574377456177e-5,1.7835941895701728,2.508478101734492
1.5386463198458733e-5,1.3885764300701826,1.8936712828049005
8.997500080467801e-6,1.1588596524952162,1.5286584343537637
1.8709597490995316e-5,2.715392273164116,3.1657475201969936
1.569647256106365e-5,2.2781877861532336,2.6880437387139415
1.9577532351558824e-5,2.1271101725676504,2.720283199248729
8.76356625299658e-6,1.157663127865642,1.681788243943663
9.356421442208368e-6,1.204005330792715,1.581398467119397
1.281932952213023e-5,0.928255095974044,1.422780584644065
1.3082625351788e-5,1.947633694946093,2.237816478526649
1.4178281239558952e-5,1.6518791433943907,2.0759066117730463
1.211884045984931e-5,2.0310615328116763,2.480376015969261
1.4226121715399582e-5,1.8839830866279437,2.3259194625921626
1.5714796280834454e-5,1.8059987340836956,2.0327631944663427
1.2505906803292774e-5,1.1971420385986649,1.6566810252869244
1.6065188390947312e-5,1.461225283376014,1.8475811692159643
2.5925174488582945e-5,3.2922398615294304,3.9025977753983785
5.0780673726838245e-6,0.6010371730436299,1.3328860200009107
1.3572115834534303e-5,1.3010774952619966,1.587549719717672
1.0905663558937774e-5,1.6336991313573082,1.9506993686327108
1.9938511797687958e-5,2.8048340422320432,4.230517149066716
1.7168806690846076e-5,2.132979288072072,2.4682088951970393
1.5906679586089395e-5,1.8327692245377891,2.1688687502274764
1.4089573139219449e-5,1.3987037306329548,2.6012955822123245
1.388565727000182e-5,1.5348431962124622,2.187785630771394
1.4452443945452563e-5,1.9362745310441623,2.4221548485369353
1.218106596994962e-5,1.1101723147506062,1.6109723148917268
9.756228278393592e-6,1.7133607232901924,2.539191182422023
1.2353446983988827e-5,1.546415720835728,2.0838142239149766
1.3240762110519903e-5,2.094997456705836,2.8768380478880027
1.4878851992978694e-5,1.7750006870396655,2.0456023056617982
1.3207971030759117e-5,0.8503745054913024,1.7602504854409655
1.3720394646863643e-5,1.4584764605149014,1.8866669898239712
2.529030588477463e-5,2.6663306200243664,3.5635268936567863
1.7791824904573325e-5,2.0940337973132297,2.493290457111264
1.1865110639659415e-5,1.2610756188352077,1.6652377056837138
9.559085016646146e-6,2.000427648161824,3.447226720363039
7.140144658707937e-6,0.7401215174353726,1.1833335984545816
3.0671802803068077e-6,1.0437640079400954,1.2704454057794257
1.2874580776199882e-5,1.7848208768401574,2.182338886962926
8.923224393995973e-6,1.707701091587445,2.1984310749653013
2.07310166911453e-5,2.933085960400729,3.43927018277123
1.109543526010158e-5,1.5842100693629275,2.0917601445385485
2.3302249484147488e-5,2.618553880176507,3.116635551297535
1.055789920282968e-5,0.9613983819344686,1.5235055278026846
1.580043572666787e-5,1.5674396380857893,1.7754286056993702
1.4994741504204667e-5,1.4147209781426393,2.2904667696515277
1.8753043062197778e-5,1.8901294395786818,2.2278841043332633
2.5101052712514694e-5,2.1774443132763563,3.468042962381557
1.4523827359581028e-5,2.048966398960986,3.0068054123199506
1.682794580656517e-5,1.5142496359187148,2.056147340553021
1.9568123861317415e-5,1.7217466979750347,2.264198098580879
1.943657312839851e-5,2.1627171549380684,2.520494200549949
1.1295564486756322e-5,1.3024726785149834,1.6033747118658237
5.742967606665711e-6,1.1628540921551864,1.5901372604488122
1.0245735807914606e-5,1.1852252479829155,1.9769435821362118
6.434895912902103e-7,0.46210394605550775,1.171215414848465
1.551489393392795e-5,2.1033969224033835,2.5734895666172912
1.146679166382698e-5,1.6113460852298036,1.8248153191549819
1.3634053946892716e-5,1.633046527555089,1.9982747304582922
1.0432499624197603e-5,2.3696327657419403,2.9383482489409545
1.2562883611117917e-5,1.4792496520531435,1.8805620978496407
9.294673178884902e-6,1.2082449046070007,2.006562691818764
1.4262461918487159e-5,1.4525239945093087,2.2231048687214856
6.861029682891557e-6,0.4400397893706127,0.8776427523607786
1.9560064374282322e-5,2.4623302613894973,3.144156754348627
1.1571822290498736e-5,1.6458270654232876,1.9802695514071191
8.37094767185895e-6,2.4593191611194944,3.4002928807098303
1.4118914045278922e-5,1.0264061572133374,1.5723196620559035
5.768384740807331e-6,0.9224209967666803,1.2458814712624073
9.221102041115163e-6,1.0191809694064176,1.279777970433468
7.69082502875788e-6,1.7164792579944668,2.1233062939543648
1.2504178563294477e-5,1.5970704368898707,2.2046764744286116
1.2263084249411146e-5,1.0573500271455527,1.4884853122798658
1.1909781118338375e-5,1.9845458693550941,2.825006714597703
1.4553571529676576e-5,1.6384346852859415,2.019311951660255
1.3820076818572269e-5,1.8264015784096408,2.388323750855762
1.0939960477927076e-5,1.2054046420579025,1.7320567880483506
1.3391360602634239e-5,1.4150093542333393,1.773552694315038
1.3300263557211623e-5,1.4587777855720228,1.9512244086982133
8.93087375943192e-7,0.9005092901117956,1.1744301200962788
1.541777660695867e-5,2.0932725379849577,2.6429272048664014
2.5243260741342243e-6,1.2205365339248146,2.2354588442480523
1.1556462669044331e-5,1.4955259290785785,1.8588771555137602
1.1717165450508264e-5,2.0878821830335745,2.6889718778274494
6.569140039713765e-6,1.5951320489972787,2.0167274595760207
1.9138258506559968e-5,1.9822155108730222,2.445968237574972
1.4494919193157837e-5,1.775096285509939,2.8404072724321883
5.734721732959297e-6,1.5502546609765746,2.695014801725704
1.1627353653812878e-5,1.5873221851529673,2.1583350459357518
2.0678004132212775e-5,2.330730713633118,2.9651683819131103
8.967792862744437e-6,1.3724779017571835,1.7891590429856177
1.053582468966122e-5,1.3666919634029036,1.8435523843438577
1.2183144305876092e-5,1.909515476638004,2.291258339972414
3.7276280940069035e-6,1.259998814653904,1.6586678636233843
1.5901937204534525e-5,1.8868052517316332,2.3299196234123096
1.3259480197311872e-5,1.9272529170267512,2.1550523603491394
9.519431272474321e-6,0.9515633624257268,1.587448903938196
9.48602879117744e-6,1.3584234078219586,1.9250546009108507
1.4335773877855834e-5,2.4187831849972685,3.2728786159065564
6.929522834853883e-6,0.6918087197730609,1.3911223891850357
1.2755955138576865e-5,1.5974308712493954,1.9651862950491408
1.5554567585167397e-5,2.0209158578879967,2.3801702405170992
1.0876770914033015e-5,1.140664698394228,1.6022937874082235
1.7535230132648795e-5,0.33898047655482766,1.5164084055847575
1.5063003763580025e-5,3.7386486776499583,7.046681985946925
1.4768058212856205e-5,1.7716998902050647,2.180885494116233
1.2798689983885492e-5,1.3453853020264346,1.8753951991420434
1.495297545729121e-5,1.7420218720940974,2.3084173170760387
1.5442316220686194e-5,1.9215780385061698,2.2590026345471266
8.825827847278224e-6,1.186581537961822,1.484154014509666
1.0541536782025887e-5,2.136953459364418,2.5833128582981213
1.4108812024119169e-5,1.2777782991285784,1.8943388389647124
1.261388513670527e-5,1.598276015782506,2.075327597400188
9.296560942996587e-6,1.3051085445000563,1.7101324496299875
1.2093321788350233e-5,1.5124995809954143,2.202766036076258
1.0494701010488756e-5,2.6493884520241524,3.225722809180237
1.5435846400402115e-5,2.3054319779665886,2.804392483135328
1.1607494192407475e-5,2.743176142958937,3.583790814679689
8.255814989589212e-6,0.862915891391631,1.7330303161918645
9.578755080559582e-6,1.325248642609033,1.6524928485778443
1.2015519316097316e-5,0.9741978137564514,1.5583761210866305
7.815759895208665e-6,1.0620951828746343,1.42617160464632
1.0087774633945218e-5,2.0944204167557743,2.4472636180308376
9.765484401286781e-6,0.7382435426112401,1.526467560643222
1.5973412351117428e-5,1.621734118754125,1.96586253992231
1.9235599281202866e-5,2.129848681809574,3.0353485065907004
9.854097349541616e-6,1.464950404131088,1.897137958917095
6.888618585514546e-6,0.9174299909366894,1.5122669019400605
